BB3_FIX:2.0GBL-GBS-GBX,1.5,0.75,  3.02,8309.0,248.0,67.0080645161,30.0,"[5.468, 26.895, 1.0]"
BB3_FIX:2.0GBL-GBS-GBX,2,1.0,  2.81,5396.0,162.0,66.6172839506,30.0,"[5.468, 26.895, 1.0]"
BB3_FIX:2.0GBL-GBS-GBX,2.5,1.25,  2.04,2590.0,84.0,61.6666666667,30.0,"[5.468, 26.895, 1.0]"
BB3_FIX:2.0US10Y-US5Y-ZB,3,1.5,  2.05,2563.0,34.0,150.764705882,31.0,"[1.079, 1.0, 2.364]"
BB3_FIX:2.0US10Y-US5Y-ZB,3.5,1.75,  2.06,1978.0,20.0,197.8,31.0,"[1.079, 1.0, 2.364]"
BB3_FIX:2.0US10Y-US5Y-ZB,4,2.0,  2.14,1936.0,18.0,215.111111111,31.0,"[1.079, 1.0, 2.364]"
BB3_FIX:2.0US10Y-ZN-ZB,3.5,1.75,  2.21,1866.0,12.0,311.0,31.0,"[1.0, 5.618, 2.191]"
BB3_FIX:2.0US10Y-ZN-ZB,4,2.0,  2.11,1252.0,10.0,250.4,31.0,"[1.0, 5.618, 2.191]"
BB3_FIX:2.0US3Y-US2Y-ZF,3.5,1.75,  2.21,2186.0,18.0,242.888888889,51.0,"[1.256, 1.0, 3.619]"
BB3_FIX:2.0US3Y-US2Y-ZF,4,2.0,  2.32,2029.0,16.0,253.625,51.0,"[1.256, 1.0, 3.619]"
BB3_FIX:2.0ZF-RED-GOLD,2.5,1.25,  2.14,5088.0,60.0,169.6,36.0,"[5.97, 1.0, 1.248]"
BB3_FIX:2.0ZF-RED-GOLD,3,1.5,  2.11,4624.0,36.0,256.888888889,36.0,"[5.97, 1.0, 1.248]"
BB3_FIX:2.0ZF-RED-GOLD,3.5,1.75,  2.01,4218.0,22.0,383.454545455,36.0,"[5.97, 1.0, 1.248]"
BB3_FIX:2.0ZN-US5Y-US10Y,4,2.0,  2.12,1048.0,10.0,209.6,28.0,"[22.472, 1.854, 1.0]"
BB3_FIX:2.0ZN-ZT-ZB,2,1.0,  2.15,6103.0,172.0,70.9651162791,28.0,"[5.128, 5.079, 1.0]"
BB3_FIX:3.0US10Y-2.0ZN-ZB,4,2.0,  2.12,2844.0,14.0,406.285714286,46.0,"[1.0, 7.491, 1.461]"
BB3_FIX:5YR_BUNDLE-US7Y,2,1.0,  2.25,3672.0,148.0,49.6216216216,16.0,You don't have YR_BUNDLE in the database
BB3_FIX:BLUE-2.0ZN+ZB,1.5,0.75,  2.24,7142.0,311.0,45.9292604502,16.0,"[1.556, 5.128, 1.0]"
BB3_FIX:BLUE-2.0ZN+ZB,2,1.0,  2.22,5259.0,207.0,50.8115942029,16.0,"[1.556, 5.128, 1.0]"
BB3_FIX:BLUE-TN,2.5,1.25,  2.37,2664.0,60.0,88.8,25.0,"[1.0, 1.154]"
BB3_FIX:BLUE-TN,3,1.5,  2.01,1965.0,30.0,131.0,25.0,"[1.0, 1.154]"
BB3_FIX:BLUE-US10Y,1.5,0.75,  2.15,4372.0,192.0,45.5416666667,16.0,"[6.817, 1.0]"
BB3_FIX:BLUE-US10Y,2,1.0,  2.59,4172.0,152.0,54.8947368421,16.0,"[6.817, 1.0]"
BB3_FIX:BLUE-US7Y-GOLD+US10Y,3,1.5,  2.08,1648.0,36.0,91.5555555556,16.0,"[6.817, 1.326, 7.58, 1.0]"
BB3_FIX:BLUE-US7Y,1.5,0.75,  2.21,5039.0,178.0,56.6179775281,16.0,"[5.141, 1.0]"
BB3_FIX:BLUE-US7Y,2,1.0,  2.19,3575.0,138.0,51.8115942029,16.0,"[5.141, 1.0]"
BB3_FIX:BLUE-ZB,2.5,1.25,  2.32,2769.0,120.0,46.15,16.0,"[1.556, 1.0]"
BB3_FIX:BLUE-ZF-1.5GOLD+1.5ZN,2,1.0,  2.51,5965.0,198.0,60.2525252525,16.0,"[1.0, 2.66, 1.668, 2.472]"
BB3_FIX:BLUE-ZF-1.5GOLD+1.5ZN,2.5,1.25,  2.33,3264.0,98.0,66.612244898,16.0,"[1.0, 2.66, 1.668, 2.472]"
BB3_FIX:BLUE-ZF-PURPLE+UB,1,0.5,  2.58,7228.0,273.0,52.9523809524,16.0,"[2.307, 6.137, 2.789, 1.0]"
BB3_FIX:BLUE-ZF-PURPLE+UB,1.5,0.75,  2.67,6544.0,223.0,58.6905829596,16.0,"[2.307, 6.137, 2.789, 1.0]"
BB3_FIX:BLUE-ZF-PURPLE+UB,2,1.0,  2.27,4303.0,170.0,50.6235294118,16.0,"[2.307, 6.137, 2.789, 1.0]"
BB3_FIX:BLUE-ZF-PURPLE+UB,2.5,1.25,  2.63,3934.0,122.0,64.4918032787,16.0,"[2.307, 6.137, 2.789, 1.0]"
BB3_FIX:BLUE-ZF-PURPLE+ZB,1,0.5,  3.25,9300.0,289.0,64.3598615917,16.0,"[1.556, 4.138, 1.881, 1.0]"
BB3_FIX:BLUE-ZF-PURPLE+ZB,1,0.75,  2.26,7299.0,169.0,86.3786982249,16.0,"[1.556, 4.138, 1.881, 1.0]"
BB3_FIX:BLUE-ZF-PURPLE+ZB,1.5,0.75,  3.80,8915.0,261.0,68.3141762452,16.0,"[1.556, 4.138, 1.881, 1.0]"
BB3_FIX:BLUE-ZF-PURPLE+ZB,1.5,1.125,  2.18,6336.0,141.0,89.8723404255,16.0,"[1.556, 4.138, 1.881, 1.0]"
BB3_FIX:BLUE-ZF-PURPLE+ZB,2,1.0,  4.03,7436.0,194.0,76.6597938144,16.0,"[1.556, 4.138, 1.881, 1.0]"
BB3_FIX:BLUE-ZF-PURPLE+ZB,2,1.5,  2.45,6019.0,124.0,97.0806451613,16.0,"[1.556, 4.138, 1.881, 1.0]"
BB3_FIX:BLUE-ZF-PURPLE+ZB,2.5,1.25,  3.15,4654.0,124.0,75.064516129,16.0,"[1.556, 4.138, 1.881, 1.0]"
BB3_FIX:BLUE-ZF-PURPLE+ZB,3,1.5,  2.86,3396.0,84.0,80.8571428571,16.0,"[1.556, 4.138, 1.881, 1.0]"
BB3_FIX:BLUE-ZF-PURPLE+ZB,3.5,1.75,  2.03,1841.0,58.0,63.4827586207,16.0,"[1.556, 4.138, 1.881, 1.0]"
BB3_FIX:BLUE-ZF-PURPLE+ZB,4,2.0,  2.08,1583.0,44.0,71.9545454545,16.0,"[1.556, 4.138, 1.881, 1.0]"
BB3_FIX:BLUE-ZF-PURPLE+ZN,1,0.5,  2.58,7480.0,217.0,68.9400921659,16.0,"[1.0, 2.66, 1.209, 1.648]"
BB3_FIX:BLUE-ZF-PURPLE+ZN,1.5,0.75,  3.06,7245.0,206.0,70.3398058252,16.0,"[1.0, 2.66, 1.209, 1.648]"
BB3_FIX:BLUE-ZF-PURPLE+ZN,2,1.0,  3.74,6968.0,180.0,77.4222222222,16.0,"[1.0, 2.66, 1.209, 1.648]"
BB3_FIX:BLUE-ZF-PURPLE+ZN,2.5,1.25,  3.23,4769.0,110.0,86.7090909091,16.0,"[1.0, 2.66, 1.209, 1.648]"
BB3_FIX:BLUE-ZF-PURPLE+ZN,2.5,1.875,  2.02,4242.0,82.0,103.463414634,16.0,"[1.0, 2.66, 1.209, 1.648]"
BB3_FIX:BLUE-ZF-PURPLE+ZN,3,1.5,  3.09,3942.0,72.0,109.5,16.0,"[1.0, 2.66, 1.209, 1.648]"
BB3_FIX:BLUE-ZF-PURPLE+ZN,3,2.25,  2.18,3828.0,68.0,112.588235294,16.0,"[1.0, 2.66, 1.209, 1.648]"
BB3_FIX:BLUE-ZF-PURPLE+ZN,3.5,1.75,  3.30,3760.0,56.0,134.285714286,16.0,"[1.0, 2.66, 1.209, 1.648]"
BB3_FIX:BLUE-ZF-PURPLE+ZN,3.5,2.625,  2.48,3423.0,50.0,136.92,16.0,"[1.0, 2.66, 1.209, 1.648]"
BB3_FIX:BLUE-ZF-PURPLE+ZN,4,2.0,  3.01,3203.0,44.0,145.590909091,16.0,"[1.0, 2.66, 1.209, 1.648]"
BB3_FIX:BLUE-ZF-PURPLE+ZN,4,3.0,  2.42,2933.0,40.0,146.65,16.0,"[1.0, 2.66, 1.209, 1.648]"
BB3_FIX:BLUE-ZN-GOLD+US10Y,2.5,1.25,  2.03,2189.0,72.0,60.8055555556,16.0,"[6.817, 11.236, 7.58, 1.0]"
BB3_FIX:BLUE-ZN-GOLD+US10Y,3,1.5,  2.17,1295.0,34.0,76.1764705882,16.0,"[6.817, 11.236, 7.58, 1.0]"
BB3_FIX:BLUE-ZN-GOLD+US10Y,4,2.0,  2.24,777.0,12.0,129.5,16.0,"[6.817, 11.236, 7.58, 1.0]"
BB3_FIX:BLUE-ZN-GOLD+ZB,2,1.0,  2.32,4039.0,191.0,42.2931937173,16.0,"[1.556, 2.564, 1.73, 1.0]"
BB3_FIX:BLUE-ZN-PURPLE+UB,1,0.5,  2.40,6728.0,253.0,53.185770751,16.0,"[2.307, 3.802, 2.789, 1.0]"
BB3_FIX:BLUE-ZN-PURPLE+UB,1.5,0.75,  2.66,6391.0,233.0,54.8583690987,16.0,"[2.307, 3.802, 2.789, 1.0]"
BB3_FIX:BLUE-ZN-PURPLE+UB,2,1.0,  2.49,4925.0,165.0,59.696969697,16.0,"[2.307, 3.802, 2.789, 1.0]"
BB3_FIX:BLUE-ZN-PURPLE+UB,2.5,1.25,  2.25,3725.0,105.0,70.9523809524,16.0,"[2.307, 3.802, 2.789, 1.0]"
BB3_FIX:BLUE-ZN-PURPLE+UB,3,1.5,  2.19,3020.0,78.0,77.4358974359,16.0,"[2.307, 3.802, 2.789, 1.0]"
BB3_FIX:BLUE-ZN-PURPLE+ZB,1,0.5,  3.02,8795.0,265.0,66.3773584906,16.0,"[1.556, 2.564, 1.881, 1.0]"
BB3_FIX:BLUE-ZN-PURPLE+ZB,1,0.75,  2.23,7198.0,171.0,84.1871345029,16.0,"[1.556, 2.564, 1.881, 1.0]"
BB3_FIX:BLUE-ZN-PURPLE+ZB,1.5,0.75,  3.06,7221.0,231.0,62.5194805195,16.0,"[1.556, 2.564, 1.881, 1.0]"
BB3_FIX:BLUE-ZN-PURPLE+ZB,1.5,1.125,  2.11,6310.0,139.0,90.7913669065,16.0,"[1.556, 2.564, 1.881, 1.0]"
BB3_FIX:BLUE-ZN-PURPLE+ZB,2,1.0,  3.11,5960.0,177.0,67.3446327684,16.0,"[1.556, 2.564, 1.881, 1.0]"
BB3_FIX:BLUE-ZN-PURPLE+ZB,2.5,1.25,  3.05,4704.0,111.0,84.7567567568,16.0,"[1.556, 2.564, 1.881, 1.0]"
BB3_FIX:BLUE-ZN-PURPLE+ZB,3,1.5,  2.99,3751.0,70.0,107.171428571,16.0,"[1.556, 2.564, 1.881, 1.0]"
BB3_FIX:BLUE-ZN-PURPLE+ZB,3,2.25,  2.01,3269.0,58.0,112.724137931,16.0,"[1.556, 2.564, 1.881, 1.0]"
BB3_FIX:BLUE-ZN-PURPLE+ZB,3.5,1.75,  3.14,3527.0,54.0,130.62962963,16.0,"[1.556, 2.564, 1.881, 1.0]"
BB3_FIX:BLUE-ZN-PURPLE+ZB,3.5,2.625,  2.41,3449.0,52.0,132.653846154,16.0,"[1.556, 2.564, 1.881, 1.0]"
BB3_FIX:BLUE-ZN-PURPLE+ZB,4,2.0,  2.09,2206.0,38.0,116.105263158,16.0,"[1.556, 2.564, 1.881, 1.0]"
BB3_FIX:G-R,2,1.0,  2.09,7731.0,112.0,138.053571429,40.0,You don't have G in the database
BB3_FIX:GBL-GBS,1.5,0.75,  2.67,6582.0,295.0,44.6237288136,20.0,"[1.0, 9.838]"
BB3_FIX:GBL-GBS,2,1.0,  2.68,4856.0,189.0,51.3862433862,20.0,"[1.0, 9.838]"
BB3_FIX:GBL-GBS,2.5,1.25,  2.37,2903.0,103.0,56.3689320388,20.0,"[1.0, 9.838]"
BB3_FIX:GBM-GBS,1,0.5,  2.79,8817.0,369.0,47.7886178862,16.0,"[1.0, 4.095]"
BB3_FIX:GBM-GBS,1.5,0.75,  3.14,7694.0,337.0,45.6617210682,16.0,"[1.0, 4.095]"
BB3_FIX:GBM-GBS,2,1.0,  3.15,5487.0,217.0,50.5714285714,16.0,"[1.0, 4.095]"
BB3_FIX:GBM-GBS,2.5,1.25,  2.43,2953.0,115.0,51.3565217391,16.0,"[1.0, 4.095]"
BB3_FIX:GBS-BTS,4,2.0,  2.62,1804.0,18.0,200.444444444,46.0,"[7.847, 1.0]"
BB3_FIX:GBS-BTS,4,3.0,  2.19,2110.0,18.0,234.444444444,46.0,"[7.847, 1.0]"
BB3_FIX:GBS-GBL,1.5,0.75,  2.47,6116.0,263.0,46.5095057034,23.0,"[9.838, 1.0]"
BB3_FIX:GBS-GBL,2,1.0,  2.68,4804.0,175.0,54.9028571429,23.0,"[9.838, 1.0]"
BB3_FIX:GE10-2.0ZN+ZB,2,1.0,  2.16,5485.0,183.0,59.9453551913,23.0,"[5.359, 5.128, 1.0]"
BB3_FIX:GE10-ZF-GE19+ZB,2,1.0,  2.18,5570.0,197.0,56.5482233503,23.0,"[5.359, 4.138, 7.0, 1.0]"
BB3_FIX:GE10-ZN-GE18+ZB,2,1.0,  2.36,6400.0,200.0,64.0,23.0,"[5.359, 2.564, 6.846, 1.0]"
BB3_FIX:GE10-ZN-GE18+ZB,2.5,1.25,  2.13,3842.0,118.0,65.1186440678,23.0,"[5.359, 2.564, 6.846, 1.0]"
BB3_FIX:GE11-2.0ZN+ZB,2,1.0,  2.09,5311.0,175.0,60.6971428571,23.0,"[5.513, 5.128, 1.0]"
BB3_FIX:GE11-L11,1,0.5,  2.36,9624.0,341.0,56.4457478006,23.0,You don't have L11 in the database
BB3_FIX:GE11-L11,1.5,0.75,  2.59,8569.0,266.0,64.4285714286,23.0,You don't have L11 in the database
BB3_FIX:GE11-L11,2,1.0,  2.44,6118.0,162.0,75.5308641975,23.0,You don't have L11 in the database
BB3_FIX:GE11-ZF-GE23+UB,1.5,0.75,  2.55,9791.0,311.0,62.9646302251,25.0,"[8.175, 6.137, 11.293, 1.0]"
BB3_FIX:GE11-ZF-GE23+UB,2,1.0,  2.81,7709.0,223.0,69.1390134529,25.0,"[8.175, 6.137, 11.293, 1.0]"
BB3_FIX:GE12-L12,1,0.5,  2.05,8382.0,303.0,55.3267326733,23.0,You don't have L12 in the database
BB3_FIX:GE12-L12,1.5,0.75,  2.46,8089.0,256.0,63.1953125,23.0,You don't have L12 in the database
BB3_FIX:GE12-L12,2,1.0,  2.37,5891.0,170.0,69.3058823529,23.0,You don't have L12 in the database
BB3_FIX:GE12-L12,3.5,1.75,  2.02,1780.0,32.0,111.25,23.0,You don't have L12 in the database
BB3_FIX:GE12-L12,4,2.0,  2.02,1224.0,18.0,136.0,23.0,You don't have L12 in the database
BB3_FIX:GE12-ZF-GE20+ZB,2,1.0,  2.15,5521.0,188.0,58.7340425532,23.0,"[5.718, 4.138, 7.154, 1.0]"
BB3_FIX:GE12-ZF-GE24+UB,1.5,0.75,  3.30,12561.0,387.0,64.9147286822,23.0,"[8.479, 6.137, 11.445, 1.0]"
BB3_FIX:GE12-ZF-GE24+UB,2,1.0,  2.92,8039.0,237.0,67.8396624473,23.0,"[8.479, 6.137, 11.445, 1.0]"
BB3_FIX:GE12-ZF-GE24+UB,2.5,1.25,  2.07,3847.0,116.0,66.3275862069,23.0,"[8.479, 6.137, 11.445, 1.0]"
BB3_FIX:GE13-2.0ZN+ZB,2,1.0,  2.03,5315.0,177.0,60.0564971751,23.0,"[5.923, 5.128, 1.0]"
BB3_FIX:GE13-L13,1,0.5,  2.46,10021.0,324.0,61.8580246914,23.0,You don't have L13 in the database
BB3_FIX:GE13-L13,1.5,0.75,  2.22,7313.0,240.0,60.9416666667,23.0,You don't have L13 in the database
BB3_FIX:GE13-L13,2,1.0,  2.58,6277.0,164.0,76.5487804878,23.0,You don't have L13 in the database
BB3_FIX:GE13-L13,2.5,1.25,  2.31,4320.0,96.0,90.0,23.0,You don't have L13 in the database
BB3_FIX:GE14-L14,1,0.5,  2.15,8639.0,288.0,59.9930555556,26.0,You don't have L14 in the database
BB3_FIX:GE14-L14,1.5,0.75,  2.23,7048.0,232.0,60.7586206897,26.0,You don't have L14 in the database
BB3_FIX:GE14-L14,2,1.0,  2.07,4825.0,136.0,70.9558823529,26.0,You don't have L14 in the database
BB3_FIX:GE14-L14,3.5,1.75,  2.20,1950.0,30.0,130.0,26.0,You don't have L14 in the database
BB3_FIX:GE15-L15,1,0.5,  2.09,8549.0,282.0,60.6312056738,26.0,You don't have L15 in the database
BB3_FIX:GE15-L15,2.5,1.25,  2.51,4425.0,94.0,94.1489361702,26.0,You don't have L15 in the database
BB3_FIX:GE15-L15,3,1.5,  2.14,2823.0,58.0,97.3448275862,26.0,You don't have L15 in the database
BB3_FIX:GE15-L15,3.5,1.75,  2.66,2169.0,30.0,144.6,26.0,You don't have L15 in the database
BB3_FIX:GE15-L15,3.5,2.625,  2.14,2590.0,30.0,172.666666667,26.0,You don't have L15 in the database
BB3_FIX:GE16-L16,1,0.5,  2.18,9281.0,268.0,69.2611940299,28.0,You don't have L16 in the database
BB3_FIX:GE16-L16,1.5,0.75,  2.27,7578.0,212.0,71.4905660377,28.0,You don't have L16 in the database
BB3_FIX:GE16-L16,2,1.0,  2.12,5249.0,134.0,78.3432835821,28.0,You don't have L16 in the database
BB3_FIX:GE16-L16,2.5,1.25,  2.31,3892.0,82.0,94.9268292683,28.0,You don't have L16 in the database
BB3_FIX:GE24-US30Y,1.5,0.75,  2.20,6939.0,193.0,71.9067357513,31.0,"[81.351, 1.0]"
BB3_FIX:GE4-ZT-PURPLE+ZB,1,0.5,  2.06,9931.0,127.0,156.393700787,46.0,"[6.718, 5.079, 1.881, 1.0]"
BB3_FIX:GE4-ZT-PURPLE+ZB,2,1.0,  2.34,7457.0,84.0,177.547619048,46.0,"[6.718, 5.079, 1.881, 1.0]"
BB3_FIX:GE4-ZT-PURPLE+ZB,2.5,1.25,  2.13,5096.0,68.0,149.882352941,46.0,"[6.718, 5.079, 1.881, 1.0]"
BB3_FIX:GE4-ZT-PURPLE+ZB,3,1.5,  2.28,4499.0,48.0,187.458333333,46.0,"[6.718, 5.079, 1.881, 1.0]"
BB3_FIX:GE5-ZT-PURPLE+ZB,1.5,0.75,  2.46,9988.0,124.0,161.096774194,41.0,"[6.103, 5.079, 1.881, 1.0]"
BB3_FIX:GE5-ZT-PURPLE+ZB,2,1.0,  2.67,8687.0,108.0,160.87037037,41.0,"[6.103, 5.079, 1.881, 1.0]"
BB3_FIX:GE5-ZT-PURPLE+ZB,2.5,1.25,  2.65,6332.0,76.0,166.631578947,41.0,"[6.103, 5.079, 1.881, 1.0]"
BB3_FIX:GE5-ZT-PURPLE+ZB,2.5,1.875,  2.04,7872.0,59.0,266.847457627,41.0,"[6.103, 5.079, 1.881, 1.0]"
BB3_FIX:GE5-ZT-PURPLE+ZB,3,1.5,  2.15,4494.0,52.0,172.846153846,41.0,"[6.103, 5.079, 1.881, 1.0]"
BB3_FIX:GE5-ZT-PURPLE+ZB,3.5,1.75,  2.07,4102.0,40.0,205.1,41.0,"[6.103, 5.079, 1.881, 1.0]"
BB3_FIX:GOLD-0.5ZN-0.5ZB,1.5,0.75,  2.31,4909.0,188.0,52.2234042553,16.0,"[3.459, 2.564, 1.0]"
BB3_FIX:GOLD-0.5ZN-0.5ZB,2,1.0,  2.43,4179.0,146.0,57.2465753425,16.0,"[3.459, 2.564, 1.0]"
BB3_FIX:GOLD-0.5ZN-0.5ZB,2.5,1.25,  2.02,2691.0,80.0,67.275,16.0,"[3.459, 2.564, 1.0]"
BB3_FIX:GOLD-2.0ZB+UB,1,0.5,  2.00,7878.0,295.0,53.4101694915,16.0,"[2.565, 2.966, 1.0]"
BB3_FIX:GOLD-2.0ZB+UB,1.5,0.75,  2.63,7972.0,302.0,52.7947019868,16.0,"[2.565, 2.966, 1.0]"
BB3_FIX:GOLD-2.0ZB+UB,2,1.0,  2.68,6296.0,202.0,62.3366336634,16.0,"[2.565, 2.966, 1.0]"
BB3_FIX:GOLD-2.0ZB+UB,2.5,1.25,  2.12,3821.0,110.0,69.4727272727,16.0,"[2.565, 2.966, 1.0]"
BB3_FIX:GOLD-2.0ZB+UB,3,1.5,  2.13,3038.0,62.0,98.0,16.0,"[2.565, 2.966, 1.0]"
BB3_FIX:GOLD-TN,2,1.0,  2.25,3987.0,138.0,57.7826086957,16.0,"[1.0, 1.038]"
BB3_FIX:GOLD-TN,2.5,1.25,  2.16,3064.0,94.0,65.1914893617,16.0,"[1.0, 1.038]"
BB3_FIX:GOLD-US10Y-PURPLE+UB,1.5,0.75,  2.12,4766.0,207.0,46.0483091787,16.0,"[7.58, 1.0, 8.241, 2.955]"
BB3_FIX:GOLD-US10Y-PURPLE+UB,2,1.0,  2.09,3763.0,158.0,47.6329113924,16.0,"[7.58, 1.0, 8.241, 2.955]"
BB3_FIX:GOLD-US10Y-PURPLE+UB,3,1.5,  2.31,2586.0,70.0,73.8857142857,16.0,"[7.58, 1.0, 8.241, 2.955]"
BB3_FIX:GOLD-US10Y-PURPLE+UB,3.5,1.75,  2.26,1917.0,46.0,83.347826087,16.0,"[7.58, 1.0, 8.241, 2.955]"
BB3_FIX:GOLD-US10Y-PURPLE+ZB,1,0.5,  2.63,7553.0,209.0,72.2775119617,16.0,"[7.58, 1.0, 8.241, 4.382]"
BB3_FIX:GOLD-US10Y-PURPLE+ZB,1,0.75,  2.09,6348.0,157.0,80.8662420382,16.0,"[7.58, 1.0, 8.241, 4.382]"
BB3_FIX:GOLD-US10Y-PURPLE+ZB,1.5,0.75,  3.01,7121.0,199.0,71.567839196,16.0,"[7.58, 1.0, 8.241, 4.382]"
BB3_FIX:GOLD-US10Y-PURPLE+ZB,1.5,1.125,  2.03,5928.0,119.0,99.6302521008,16.0,"[7.58, 1.0, 8.241, 4.382]"
BB3_FIX:GOLD-US10Y-PURPLE+ZB,2,1.0,  3.70,6497.0,169.0,76.8875739645,16.0,"[7.58, 1.0, 8.241, 4.382]"
BB3_FIX:GOLD-US10Y-PURPLE+ZB,2,1.5,  2.22,5989.0,103.0,116.291262136,16.0,"[7.58, 1.0, 8.241, 4.382]"
BB3_FIX:GOLD-US10Y-PURPLE+ZB,2.5,1.25,  3.81,5056.0,108.0,93.6296296296,16.0,"[7.58, 1.0, 8.241, 4.382]"
BB3_FIX:GOLD-US10Y-PURPLE+ZB,3,1.5,  3.68,4136.0,72.0,114.888888889,16.0,"[7.58, 1.0, 8.241, 4.382]"
BB3_FIX:GOLD-US10Y-PURPLE+ZB,3,2.25,  2.14,3298.0,58.0,113.724137931,16.0,"[7.58, 1.0, 8.241, 4.382]"
BB3_FIX:GOLD-US10Y-PURPLE+ZB,3.5,1.75,  3.46,3611.0,56.0,128.964285714,16.0,"[7.58, 1.0, 8.241, 4.382]"
BB3_FIX:GOLD-US10Y-PURPLE+ZB,3.5,2.625,  2.64,3341.0,52.0,128.5,16.0,"[7.58, 1.0, 8.241, 4.382]"
BB3_FIX:GOLD-US10Y-PURPLE+ZB,4,2.0,  3.22,2555.0,44.0,116.136363636,16.0,"[7.58, 1.0, 8.241, 4.382]"
BB3_FIX:GOLD-US10Y-PURPLE+ZB,4,3.0,  2.27,2493.0,44.0,113.318181818,16.0,"[7.58, 1.0, 8.241, 4.382]"
BB3_FIX:GOLD-US10Y,1.5,0.75,  2.07,4666.0,176.0,53.0227272727,16.0,"[7.58, 1.0]"
BB3_FIX:GOLD-US10Y,2,1.0,  2.57,4602.0,152.0,60.5526315789,16.0,"[7.58, 1.0]"
BB3_FIX:GOLD-US10Y,2.5,1.25,  2.16,3274.0,80.0,81.85,16.0,"[7.58, 1.0]"
BB3_FIX:GOLD-US10Y,3,1.5,  2.12,2906.0,44.0,132.090909091,16.0,"[7.58, 1.0]"
BB3_FIX:GOLD-US7Y,2,1.0,  2.27,4379.0,146.0,59.9863013699,16.0,"[5.717, 1.0]"
BB3_FIX:GOLD-US7Y,2.5,1.25,  2.08,3141.0,86.0,73.0465116279,16.0,"[5.717, 1.0]"
BB3_FIX:GOLD-ZB-PURPLE+UB,1.5,0.75,  2.20,5135.0,185.0,55.5135135135,16.0,"[2.565, 1.483, 2.789, 1.0]"
BB3_FIX:GOLD-ZB-PURPLE+UB,2,1.0,  2.43,4370.0,142.0,61.5492957746,16.0,"[2.565, 1.483, 2.789, 1.0]"
BB3_FIX:GOLD-ZB-PURPLE+UB,2.5,1.25,  2.82,3997.0,114.0,70.1228070175,16.0,"[2.565, 1.483, 2.789, 1.0]"
BB3_FIX:GOLD-ZB-PURPLE+UB,3,1.5,  2.63,3214.0,78.0,82.4102564103,16.0,"[2.565, 1.483, 2.789, 1.0]"
BB3_FIX:GOLD-ZB-PURPLE+UB,3.5,1.75,  2.87,2832.0,60.0,94.4,16.0,"[2.565, 1.483, 2.789, 1.0]"
BB3_FIX:GOLD-ZB-PURPLE+UB,4,2.0,  2.37,2074.0,46.0,90.1739130435,16.0,"[2.565, 1.483, 2.789, 1.0]"
BB3_FIX:GOLD-ZB,2,1.0,  2.15,4035.0,120.0,67.25,25.0,"[1.73, 1.0]"
BB3_FIX:GOLD-ZF-PURPLE+UB,1,0.5,  2.36,6525.0,289.0,45.1557093426,16.0,"[2.565, 6.137, 2.789, 1.0]"
BB3_FIX:GOLD-ZF-PURPLE+UB,1.5,0.75,  2.05,4719.0,213.0,44.3098591549,16.0,"[2.565, 6.137, 2.789, 1.0]"
BB3_FIX:GOLD-ZF-PURPLE+ZB,1,0.5,  2.78,7604.0,281.0,54.1209964413,16.0,"[1.73, 4.138, 1.881, 1.0]"
BB3_FIX:GOLD-ZF-PURPLE+ZB,1.5,0.75,  3.05,6819.0,233.0,58.5321888412,16.0,"[1.73, 4.138, 1.881, 1.0]"
BB3_FIX:GOLD-ZF-PURPLE+ZB,2,1.0,  2.67,4822.0,166.0,58.0963855422,16.0,"[1.73, 4.138, 1.881, 1.0]"
BB3_FIX:GOLD-ZF-PURPLE+ZB,2,1.5,  2.17,5026.0,130.0,77.3230769231,16.0,"[1.73, 4.138, 1.881, 1.0]"
BB3_FIX:GOLD-ZF-PURPLE+ZB,2.5,1.25,  2.37,3580.0,124.0,57.7419354839,16.0,"[1.73, 4.138, 1.881, 1.0]"
BB3_FIX:GOLD-ZF-PURPLE+ZB,2.5,1.875,  2.07,3996.0,100.0,79.92,16.0,"[1.73, 4.138, 1.881, 1.0]"
BB3_FIX:GOLD-ZF-PURPLE+ZB,3,1.5,  2.48,3040.0,96.0,63.3333333333,16.0,"[1.73, 4.138, 1.881, 1.0]"
BB3_FIX:GOLD-ZF-PURPLE+ZB,3,2.25,  2.01,3286.0,88.0,74.6818181818,16.0,"[1.73, 4.138, 1.881, 1.0]"
BB3_FIX:GOLD-ZF-PURPLE+ZN,1,0.5,  3.01,8792.0,217.0,81.0322580645,16.0,"[1.0, 2.393, 1.087, 1.482]"
BB3_FIX:GOLD-ZF-PURPLE+ZN,1,0.75,  2.50,7698.0,183.0,84.131147541,16.0,"[1.0, 2.393, 1.087, 1.482]"
BB3_FIX:GOLD-ZF-PURPLE+ZN,1,1,  2.39,7394.0,177.0,83.5480225989,16.0,"[1.0, 2.393, 1.087, 1.482]"
BB3_FIX:GOLD-ZF-PURPLE+ZN,1.5,0.75,  3.04,7506.0,188.0,79.8510638298,16.0,"[1.0, 2.393, 1.087, 1.482]"
BB3_FIX:GOLD-ZF-PURPLE+ZN,1.5,1.125,  2.13,6356.0,123.0,103.349593496,16.0,"[1.0, 2.393, 1.087, 1.482]"
BB3_FIX:GOLD-ZF-PURPLE+ZN,2,1.0,  4.19,7221.0,174.0,83.0,16.0,"[1.0, 2.393, 1.087, 1.482]"
BB3_FIX:GOLD-ZF-PURPLE+ZN,2.5,1.25,  3.76,5182.0,124.0,83.5806451613,16.0,"[1.0, 2.393, 1.087, 1.482]"
BB3_FIX:GOLD-ZF-PURPLE+ZN,3,1.5,  3.87,4155.0,90.0,92.3333333333,16.0,"[1.0, 2.393, 1.087, 1.482]"
BB3_FIX:GOLD-ZF-PURPLE+ZN,3,2.25,  2.77,4678.0,78.0,119.948717949,16.0,"[1.0, 2.393, 1.087, 1.482]"
BB3_FIX:GOLD-ZF-PURPLE+ZN,3.5,1.75,  3.17,3062.0,56.0,109.357142857,16.0,"[1.0, 2.393, 1.087, 1.482]"
BB3_FIX:GOLD-ZF-PURPLE+ZN,3.5,2.625,  2.25,3183.0,52.0,122.423076923,16.0,"[1.0, 2.393, 1.087, 1.482]"
BB3_FIX:GOLD-ZF-PURPLE+ZN,4,2.0,  3.05,2732.0,44.0,124.181818182,16.0,"[1.0, 2.393, 1.087, 1.482]"
BB3_FIX:GOLD-ZF-PURPLE+ZN,4,3.0,  2.25,2620.0,40.0,131.0,16.0,"[1.0, 2.393, 1.087, 1.482]"
BB3_FIX:GOLD-ZN-PURPLE+UB,1,0.5,  2.26,6111.0,243.0,50.2962962963,16.0,"[2.565, 3.802, 2.789, 1.0]"
BB3_FIX:GOLD-ZN-PURPLE+UB,1.5,0.75,  2.39,5570.0,215.0,51.8139534884,16.0,"[2.565, 3.802, 2.789, 1.0]"
BB3_FIX:GOLD-ZN-PURPLE+UB,2,1.0,  2.31,4219.0,163.0,51.7668711656,16.0,"[2.565, 3.802, 2.789, 1.0]"
BB3_FIX:GOLD-ZN-PURPLE+UB,2.5,1.25,  2.02,2989.0,117.0,51.094017094,16.0,"[2.565, 3.802, 2.789, 1.0]"
BB3_FIX:GOLD-ZN-PURPLE+ZB,1,0.5,  2.98,8405.0,265.0,63.4339622642,16.0,"[1.73, 2.564, 1.881, 1.0]"
BB3_FIX:GOLD-ZN-PURPLE+ZB,1,0.75,  2.14,6690.0,171.0,78.2456140351,16.0,"[1.73, 2.564, 1.881, 1.0]"
BB3_FIX:GOLD-ZN-PURPLE+ZB,1.5,0.75,  3.21,7372.0,227.0,64.9515418502,16.0,"[1.73, 2.564, 1.881, 1.0]"
BB3_FIX:GOLD-ZN-PURPLE+ZB,2,1.0,  2.88,5118.0,165.0,62.0363636364,16.0,"[1.73, 2.564, 1.881, 1.0]"
BB3_FIX:GOLD-ZN-PURPLE+ZB,2.5,1.25,  2.48,3577.0,109.0,65.6330275229,16.0,"[1.73, 2.564, 1.881, 1.0]"
BB3_FIX:GOLD-ZN-PURPLE+ZB,3.5,1.75,  2.21,2276.0,64.0,71.125,16.0,"[1.73, 2.564, 1.881, 1.0]"
BB3_FIX:GOLD-ZN-PURPLE+ZB,4,2.0,  2.32,1851.0,46.0,80.4782608696,16.0,"[1.73, 2.564, 1.881, 1.0]"
BB3_FIX:GREEN-US2Y,1,0.5,  2.52,9125.0,419.0,43.5560859189,16.0,"[1.193, 1.0]"
BB3_FIX:GREEN-US2Y,1.5,0.75,  2.21,6416.0,312.0,41.1282051282,16.0,"[1.193, 1.0]"
BB3_FIX:GREEN-US3Y-BLUE+US5Y,2,1.0,  2.00,4802.0,180.0,53.3555555556,16.0,"[3.224, 1.697, 3.677, 1.0]"
BB3_FIX:GREEN-US3Y-BLUE+US5Y,2.5,1.25,  2.17,2962.0,104.0,56.9615384615,16.0,"[3.224, 1.697, 3.677, 1.0]"
BB3_FIX:GREEN-ZB,2.5,1.25,  2.18,2652.0,124.0,42.7741935484,16.0,"[1.364, 1.0]"
BB3_FIX:GREEN-ZB,3,1.5,  2.32,2083.0,72.0,57.8611111111,16.0,"[1.364, 1.0]"
BB3_FIX:GREEN-ZF-GOLD+US10Y,2.5,1.25,  2.13,2664.0,102.0,52.2352941176,16.0,"[5.977, 18.135, 7.58, 1.0]"
BB3_FIX:GREEN-ZF-GOLD+US10Y,3,1.5,  2.23,2183.0,70.0,62.3714285714,16.0,"[5.977, 18.135, 7.58, 1.0]"
BB3_FIX:GREEN-ZF-GOLD+US10Y,3.5,1.75,  2.09,1544.0,38.0,81.2631578947,16.0,"[5.977, 18.135, 7.58, 1.0]"
BB3_FIX:GREEN-ZF-GOLD+ZB,2,1.0,  2.34,4050.0,201.0,40.2985074627,16.0,"[1.364, 4.138, 1.73, 1.0]"
BB3_FIX:GREEN-ZF-GOLD+ZN,3,1.5,  2.19,1712.0,54.0,63.4074074074,16.0,"[1.0, 3.034, 1.268, 1.88]"
BB3_FIX:GREEN-ZF-GOLD+ZN,3.5,1.75,  2.02,1267.0,32.0,79.1875,16.0,"[1.0, 3.034, 1.268, 1.88]"
BB3_FIX:GREEN-ZF-PURPLE+UB,1,0.5,  2.77,7859.0,287.0,54.7665505226,16.0,"[2.023, 6.137, 2.789, 1.0]"
BB3_FIX:GREEN-ZF-PURPLE+UB,1.5,0.75,  2.62,6400.0,229.0,55.8951965066,16.0,"[2.023, 6.137, 2.789, 1.0]"
BB3_FIX:GREEN-ZF-PURPLE+UB,2,1.0,  3.16,6297.0,179.0,70.3575418994,16.0,"[2.023, 6.137, 2.789, 1.0]"
BB3_FIX:GREEN-ZF-PURPLE+UB,2,1.5,  2.09,5137.0,123.0,83.5284552846,16.0,"[2.023, 6.137, 2.789, 1.0]"
BB3_FIX:GREEN-ZF-PURPLE+UB,2.5,1.25,  2.83,4241.0,124.0,68.4032258065,16.0,"[2.023, 6.137, 2.789, 1.0]"
BB3_FIX:GREEN-ZF-PURPLE+ZB,1,0.5,  3.47,9879.0,307.0,64.3583061889,16.0,"[1.364, 4.138, 1.881, 1.0]"
BB3_FIX:GREEN-ZF-PURPLE+ZB,1,0.75,  2.51,8037.0,193.0,83.2849740933,16.0,"[1.364, 4.138, 1.881, 1.0]"
BB3_FIX:GREEN-ZF-PURPLE+ZB,1,1,  2.11,7004.0,169.0,82.8875739645,16.0,"[1.364, 4.138, 1.881, 1.0]"
BB3_FIX:GREEN-ZF-PURPLE+ZB,1.5,0.75,  3.10,7333.0,231.0,63.4891774892,16.0,"[1.364, 4.138, 1.881, 1.0]"
BB3_FIX:GREEN-ZF-PURPLE+ZB,1.5,1.125,  2.07,5909.0,139.0,85.0215827338,16.0,"[1.364, 4.138, 1.881, 1.0]"
BB3_FIX:GREEN-ZF-PURPLE+ZB,2,1.0,  3.24,6215.0,177.0,70.2259887006,16.0,"[1.364, 4.138, 1.881, 1.0]"
BB3_FIX:GREEN-ZF-PURPLE+ZB,2.5,1.25,  2.83,4712.0,122.0,77.2459016393,16.0,"[1.364, 4.138, 1.881, 1.0]"
BB3_FIX:GREEN-ZF-PURPLE+ZB,2.5,1.875,  2.29,4693.0,98.0,95.7755102041,16.0,"[1.364, 4.138, 1.881, 1.0]"
BB3_FIX:GREEN-ZF-PURPLE+ZB,3,1.5,  2.53,2921.0,86.0,67.9302325581,16.0,"[1.364, 4.138, 1.881, 1.0]"
BB3_FIX:GREEN-ZF-PURPLE+ZB,3.5,1.75,  2.67,2520.0,58.0,86.8965517241,16.0,"[1.364, 4.138, 1.881, 1.0]"
BB3_FIX:GREEN-ZF-PURPLE+ZB,4,2.0,  2.48,2011.0,44.0,91.4090909091,16.0,"[1.364, 4.138, 1.881, 1.0]"
BB3_FIX:GREEN-ZF-PURPLE+ZN,1,0.5,  2.35,6860.0,222.0,61.8018018018,16.0,"[1.0, 3.034, 1.379, 1.88]"
BB3_FIX:GREEN-ZF-PURPLE+ZN,1.5,0.75,  3.22,7768.0,238.0,65.2773109244,16.0,"[1.0, 3.034, 1.379, 1.88]"
BB3_FIX:GREEN-ZF-PURPLE+ZN,2,1.0,  3.33,6278.0,174.0,72.1609195402,16.0,"[1.0, 3.034, 1.379, 1.88]"
BB3_FIX:GREEN-ZF-PURPLE+ZN,2,1.5,  2.33,5843.0,118.0,99.0338983051,16.0,"[1.0, 3.034, 1.379, 1.88]"
BB3_FIX:GREEN-ZF-PURPLE+ZN,2.5,1.25,  2.96,4384.0,108.0,81.1851851852,16.0,"[1.0, 3.034, 1.379, 1.88]"
BB3_FIX:GREEN-ZF-PURPLE+ZN,2.5,1.875,  2.57,5084.0,98.0,103.755102041,16.0,"[1.0, 3.034, 1.379, 1.88]"
BB3_FIX:GREEN-ZF-PURPLE+ZN,3,1.5,  2.75,3740.0,80.0,93.5,16.0,"[1.0, 3.034, 1.379, 1.88]"
BB3_FIX:GREEN-ZF-PURPLE+ZN,3,2.25,  2.30,4035.0,74.0,109.054054054,16.0,"[1.0, 3.034, 1.379, 1.88]"
BB3_FIX:GREEN-ZF-PURPLE+ZN,3.5,1.75,  2.75,3459.0,60.0,115.3,16.0,"[1.0, 3.034, 1.379, 1.88]"
BB3_FIX:GREEN-ZF-PURPLE+ZN,3.5,2.625,  2.57,3738.0,60.0,124.6,16.0,"[1.0, 3.034, 1.379, 1.88]"
BB3_FIX:GREEN-ZF-PURPLE+ZN,4,2.0,  2.57,3044.0,48.0,126.833333333,16.0,"[1.0, 3.034, 1.379, 1.88]"
BB3_FIX:GREEN-ZF-PURPLE+ZN,4,3.0,  2.33,3065.0,48.0,127.708333333,16.0,"[1.0, 3.034, 1.379, 1.88]"
BB3_FIX:GREEN-ZN-GOLD+ZB,1,0.5,  2.10,7250.0,296.0,48.9864864865,16.0,"[1.364, 2.564, 1.73, 1.0]"
BB3_FIX:GREEN-ZN-GOLD+ZB,1.5,0.75,  2.33,6197.0,282.0,43.9503546099,16.0,"[1.364, 2.564, 1.73, 1.0]"
BB3_FIX:GREEN-ZN-GOLD+ZB,2,1.0,  2.77,5109.0,228.0,44.8157894737,16.0,"[1.364, 2.564, 1.73, 1.0]"
BB3_FIX:GREEN-ZN-GOLD+ZB,2.5,1.25,  2.31,2808.0,120.0,46.8,16.0,"[1.364, 2.564, 1.73, 1.0]"
BB3_FIX:GREEN-ZN-PURPLE+UB,1,0.5,  2.55,7285.0,257.0,56.6926070039,16.0,"[2.023, 3.802, 2.789, 1.0]"
BB3_FIX:GREEN-ZN-PURPLE+UB,1.5,0.75,  2.79,6684.0,229.0,58.3755458515,16.0,"[2.023, 3.802, 2.789, 1.0]"
BB3_FIX:GREEN-ZN-PURPLE+UB,2,1.0,  2.64,5416.0,166.0,65.2530120482,16.0,"[2.023, 3.802, 2.789, 1.0]"
BB3_FIX:GREEN-ZN-PURPLE+UB,2,1.5,  2.06,5085.0,126.0,80.7142857143,16.0,"[2.023, 3.802, 2.789, 1.0]"
BB3_FIX:GREEN-ZN-PURPLE+UB,3.5,1.75,  2.34,2854.0,56.0,101.928571429,16.0,"[2.023, 3.802, 2.789, 1.0]"
BB3_FIX:GREEN-ZN-PURPLE+ZB,1,0.5,  2.91,8531.0,286.0,59.6573426573,16.0,"[1.364, 2.564, 1.881, 1.0]"
BB3_FIX:GREEN-ZN-PURPLE+ZB,1.5,0.75,  2.78,6617.0,220.0,60.1545454545,16.0,"[1.364, 2.564, 1.881, 1.0]"
BB3_FIX:GREEN-ZN-PURPLE+ZB,1.5,1.125,  2.12,6248.0,144.0,86.7777777778,16.0,"[1.364, 2.564, 1.881, 1.0]"
BB3_FIX:GREEN-ZN-PURPLE+ZB,2,1.0,  2.69,5215.0,150.0,69.5333333333,16.0,"[1.364, 2.564, 1.881, 1.0]"
BB3_FIX:GREEN-ZN-PURPLE+ZB,2,1.5,  2.19,5174.0,122.0,84.8196721311,16.0,"[1.364, 2.564, 1.881, 1.0]"
BB3_FIX:GREEN-ZN-PURPLE+ZB,2.5,1.25,  3.09,4967.0,120.0,82.7833333333,16.0,"[1.364, 2.564, 1.881, 1.0]"
BB3_FIX:GREEN-ZN-PURPLE+ZB,3,1.5,  2.71,3714.0,80.0,92.85,16.0,"[1.364, 2.564, 1.881, 1.0]"
BB3_FIX:GREEN-ZN-PURPLE+ZB,3,2.25,  2.05,3411.0,70.0,97.4571428571,16.0,"[1.364, 2.564, 1.881, 1.0]"
BB3_FIX:GREEN-ZN-PURPLE+ZB,3.5,1.75,  2.66,3189.0,52.0,122.653846154,16.0,"[1.364, 2.564, 1.881, 1.0]"
BB3_FIX:GREEN-ZN-PURPLE+ZB,3.5,2.625,  2.21,3155.0,50.0,126.2,16.0,"[1.364, 2.564, 1.881, 1.0]"
BB3_FIX:GREEN-ZN,2.5,1.25,  2.26,2619.0,80.0,65.475,16.0,"[1.0, 1.88]"
BB3_FIX:GREEN-ZN,3,1.5,  2.04,2018.0,48.0,84.0833333333,16.0,"[1.0, 1.88]"
BB3_FIX:GREEN-ZN,3.5,1.75,  2.15,1852.0,28.0,132.285714286,16.0,"[1.0, 1.88]"
BB3_FIX:GREEN-ZT,1,0.5,  2.06,7505.0,347.0,43.2564841499,16.0,"[1.0, 3.724]"
BB3_FIX:GREEN-ZT,1.5,0.75,  2.67,7571.0,321.0,47.1713395639,16.0,"[1.0, 3.724]"
BB3_FIX:GREEN-ZT,2,1.0,  2.34,5218.0,206.0,50.6601941748,16.0,"[1.0, 3.724]"
BB3_FIX:GREEN-ZT,2.5,1.25,  2.06,3355.0,116.0,57.8448275862,16.0,"[1.0, 3.724]"
BB3_FIX:L10-G,1,0.5,  2.60,17212.0,215.0,160.111627907,38.0,You don't have L10 in the database
BB3_FIX:L10-G,1.5,0.75,  3.46,18594.0,232.0,160.293103448,38.0,You don't have L10 in the database
BB3_FIX:L10-G,2,1.0,  3.05,12719.0,160.0,158.9875,38.0,You don't have L10 in the database
BB3_FIX:L10-G,2.5,1.25,  2.18,6484.0,92.0,140.956521739,38.0,You don't have L10 in the database
BB3_FIX:L11-G,1,0.5,  2.59,16674.0,227.0,146.907488987,36.0,You don't have L11 in the database
BB3_FIX:L11-G,1.5,0.75,  3.42,17882.0,238.0,150.268907563,36.0,You don't have L11 in the database
BB3_FIX:L11-G,2,1.0,  3.22,13322.0,166.0,160.506024096,36.0,You don't have L11 in the database
BB3_FIX:L11-G,2,1.5,  2.19,12260.0,115.0,213.217391304,36.0,You don't have L11 in the database
BB3_FIX:L11-GBL,2,1.0,  2.05,4343.0,128.0,67.859375,36.0,You don't have L11 in the database
BB3_FIX:L12-G,1,0.5,  2.85,18378.0,249.0,147.614457831,36.0,You don't have L12 in the database
BB3_FIX:L12-G,1.5,0.75,  3.43,17962.0,243.0,147.835390947,36.0,You don't have L12 in the database
BB3_FIX:L12-G,2,1.0,  2.37,9119.0,149.0,122.402684564,36.0,You don't have L12 in the database
BB3_FIX:L12-G,2.5,1.25,  2.35,7044.0,92.0,153.130434783,36.0,You don't have L12 in the database
BB3_FIX:L14-GBL,2,1.0,  2.07,4344.0,129.0,67.3488372093,36.0,You don't have L14 in the database
BB3_FIX:L15-GBL,2,1.0,  2.04,4201.0,133.0,63.1729323308,32.0,You don't have L15 in the database
BB3_FIX:L16-GBL,1.5,0.75,  2.15,6090.0,191.0,63.7696335079,32.0,You don't have L16 in the database
BB3_FIX:L16-GBL,2,1.0,  2.02,4359.0,125.0,69.744,32.0,You don't have L16 in the database
BB3_FIX:L3-G,1,0.5,  2.79,21052.0,173.0,243.375722543,60.0,You don't have L3 in the database
BB3_FIX:L3-G,1,0.75,  2.31,17952.0,145.0,247.613793103,60.0,You don't have L3 in the database
BB3_FIX:L3-G,1,1,  2.31,17952.0,145.0,247.613793103,60.0,You don't have L3 in the database
BB3_FIX:L3-G,1.5,0.75,  2.47,14731.0,142.0,207.478873239,60.0,You don't have L3 in the database
BB3_FIX:L3-G,2,1.0,  2.73,11733.0,118.0,198.86440678,60.0,You don't have L3 in the database
BB3_FIX:L3-G,2.5,1.25,  2.50,7946.0,70.0,227.028571429,60.0,You don't have L3 in the database
BB3_FIX:L3-G,3,1.5,  2.04,5299.0,42.0,252.333333333,60.0,You don't have L3 in the database
BB3_FIX:L4-G,1,0.5,  2.39,17351.0,151.0,229.814569536,60.0,You don't have L4 in the database
BB3_FIX:L4-G,1.5,0.75,  2.36,14119.0,139.0,203.151079137,60.0,You don't have L4 in the database
BB3_FIX:L4-G,2,1.0,  2.06,8179.0,98.0,166.918367347,60.0,You don't have L4 in the database
BB3_FIX:L5-G,1,0.5,  2.36,17002.0,151.0,225.19205298,60.0,You don't have L5 in the database
BB3_FIX:L5-G,1.5,0.75,  2.00,12053.0,118.0,204.288135593,60.0,You don't have L5 in the database
BB3_FIX:L5-G,2,1.0,  2.01,8209.0,106.0,154.886792453,60.0,You don't have L5 in the database
BB3_FIX:L6-G,1,0.5,  2.22,16052.0,145.0,221.406896552,60.0,You don't have L6 in the database
BB3_FIX:L6-G,1,0.75,  2.03,15124.0,135.0,224.059259259,60.0,You don't have L6 in the database
BB3_FIX:L6-G,1.5,0.75,  2.21,13943.0,134.0,208.104477612,60.0,You don't have L6 in the database
BB3_FIX:L7-G,1,0.5,  2.05,14831.0,139.0,213.395683453,60.0,You don't have L7 in the database
BB3_FIX:L7-G,1.5,0.75,  2.11,12690.0,125.0,203.04,60.0,You don't have L7 in the database
BB3_FIX:L7-G,2,1.0,  2.10,8802.0,92.0,191.347826087,60.0,You don't have L7 in the database
BB3_FIX:L8-G,2,1.0,  2.01,9185.0,98.0,187.448979592,60.0,You don't have L8 in the database
BB3_FIX:L9-G,2,1.0,  2.07,9092.0,102.0,178.274509804,60.0,You don't have L9 in the database
BB3_FIX:LGREEN-R,2.5,1.25,  2.30,1584.0,62.0,51.0967741935,20.0,You don't have LGREEN in the database
BB3_FIX:LGREEN-R,3,1.5,  2.00,843.0,24.0,70.25,20.0,You don't have LGREEN in the database
BB3_FIX:LGREEN-R,3.5,1.75,  2.05,634.0,16.0,79.25,20.0,You don't have LGREEN in the database
BB3_FIX:RED-2.0ZT+ZF,1.5,0.75,  2.59,13539.0,313.0,86.5111821086,31.0,"[1.0, 7.327, 2.985]"
BB3_FIX:RED-2.0ZT+ZF,2,1.0,  2.28,9033.0,200.0,90.33,31.0,"[1.0, 7.327, 2.985]"
BB3_FIX:RED-ZF-GOLD+US10Y,2.5,1.25,  2.08,2690.0,72.0,74.7222222222,31.0,"[6.076, 18.135, 7.58, 1.0]"
BB3_FIX:RED-ZF-GOLD+US10Y,3.5,1.75,  2.04,1115.0,20.0,111.5,31.0,"[6.076, 18.135, 7.58, 1.0]"
BB3_FIX:RED-ZF-PURPLE+ZB,1,0.5,  2.68,9394.0,149.0,126.093959732,31.0,"[1.386, 4.138, 1.881, 1.0]"
BB3_FIX:RED-ZF-PURPLE+ZB,1,0.75,  2.37,8785.0,123.0,142.845528455,31.0,"[1.386, 4.138, 1.881, 1.0]"
BB3_FIX:RED-ZF-PURPLE+ZB,1,1,  2.27,8522.0,119.0,143.226890756,31.0,"[1.386, 4.138, 1.881, 1.0]"
BB3_FIX:RED-ZF-PURPLE+ZB,1.5,0.75,  2.86,8852.0,134.0,132.119402985,31.0,"[1.386, 4.138, 1.881, 1.0]"
BB3_FIX:RED-ZF-PURPLE+ZB,1.5,1.125,  2.30,8116.0,97.0,167.340206186,31.0,"[1.386, 4.138, 1.881, 1.0]"
BB3_FIX:RED-ZF-PURPLE+ZB,2,1.0,  2.98,6760.0,114.0,118.596491228,31.0,"[1.386, 4.138, 1.881, 1.0]"
BB3_FIX:RED-ZF-PURPLE+ZB,2.5,1.25,  3.00,5826.0,84.0,138.714285714,31.0,"[1.386, 4.138, 1.881, 1.0]"
BB3_FIX:RED-ZF-PURPLE+ZB,2.5,1.875,  2.12,5578.0,61.0,182.885245902,31.0,"[1.386, 4.138, 1.881, 1.0]"
BB3_FIX:RED-ZF-PURPLE+ZB,3,1.5,  2.69,4645.0,58.0,160.172413793,31.0,"[1.386, 4.138, 1.881, 1.0]"
BB3_FIX:RED-ZF-PURPLE+ZB,3,2.25,  2.26,4631.0,48.0,192.958333333,31.0,"[1.386, 4.138, 1.881, 1.0]"
BB3_FIX:RED-ZF-PURPLE+ZB,3.5,1.75,  2.20,3594.0,46.0,156.260869565,31.0,"[1.386, 4.138, 1.881, 1.0]"
BB3_FIX:RED-ZF-PURPLE+ZB,4,2.0,  2.14,2711.0,34.0,159.470588235,31.0,"[1.386, 4.138, 1.881, 1.0]"
BB3_FIX:RED-ZT-GE9+ZF,2.5,1.25,  2.05,3743.0,56.0,133.678571429,31.0,"[1.0, 3.664, 3.791, 2.985]"
BB3_FIX:RED-ZT-PURPLE+UB,1.5,0.75,  2.41,7782.0,151.0,103.072847682,31.0,"[2.056, 7.532, 2.789, 1.0]"
BB3_FIX:RED-ZT-PURPLE+UB,2,1.0,  2.70,7055.0,129.0,109.379844961,31.0,"[2.056, 7.532, 2.789, 1.0]"
BB3_FIX:RED-ZT-PURPLE+UB,2.5,1.25,  3.04,6670.0,92.0,145.0,31.0,"[2.056, 7.532, 2.789, 1.0]"
BB3_FIX:RED-ZT-PURPLE+UB,3,1.5,  2.10,4123.0,60.0,137.433333333,31.0,"[2.056, 7.532, 2.789, 1.0]"
BB3_FIX:RED-ZT-PURPLE+ZB,1.5,0.75,  2.11,7171.0,149.0,96.255033557,31.0,"[1.386, 5.079, 1.881, 1.0]"
BB3_FIX:RED-ZT-PURPLE+ZB,2,1.0,  2.55,6688.0,117.0,114.324786325,31.0,"[1.386, 5.079, 1.881, 1.0]"
BB3_FIX:RED-ZT-PURPLE+ZB,2.5,1.25,  2.81,6148.0,90.0,136.622222222,31.0,"[1.386, 5.079, 1.881, 1.0]"
BB3_FIX:RED-ZT-PURPLE+ZB,2.5,1.875,  2.05,6102.0,66.0,184.909090909,31.0,"[1.386, 5.079, 1.881, 1.0]"
BB3_FIX:RED-ZT-PURPLE+ZB,3,1.5,  2.53,4814.0,66.0,145.878787879,31.0,"[1.386, 5.079, 1.881, 1.0]"
BB3_FIX:RED-ZT-PURPLE+ZB,3.5,1.75,  2.43,4173.0,46.0,181.434782609,31.0,"[1.386, 5.079, 1.881, 1.0]"
BB3_FIX:RED-ZT-PURPLE+ZB,4,2.0,  2.24,3592.0,30.0,239.466666667,31.0,"[1.386, 5.079, 1.881, 1.0]"
BB3_FIX:RED-ZT-PURPLE+ZN,2,1.0,  2.67,7178.0,114.0,125.929824561,31.0,"[1.0, 3.664, 1.356, 1.849]"
BB3_FIX:RED-ZT-PURPLE+ZN,2.5,1.25,  2.97,6337.0,88.0,144.022727273,31.0,"[1.0, 3.664, 1.356, 1.849]"
BB3_FIX:RED-ZT-PURPLE+ZN,3,1.5,  3.07,5646.0,64.0,176.4375,31.0,"[1.0, 3.664, 1.356, 1.849]"
BB3_FIX:RED-ZT-PURPLE+ZN,3.5,1.75,  2.75,4650.0,46.0,202.173913043,31.0,"[1.0, 3.664, 1.356, 1.849]"
BB3_FIX:RED-ZT-PURPLE+ZN,3.5,2.625,  2.19,4684.0,44.0,212.909090909,31.0,"[1.0, 3.664, 1.356, 1.849]"
BB3_FIX:RED-ZT-PURPLE+ZN,4,2.0,  2.56,4072.0,34.0,239.529411765,31.0,"[1.0, 3.664, 1.356, 1.849]"
BB3_FIX:RED-ZT-PURPLE+ZN,4,3.0,  2.08,3926.0,32.0,245.375,31.0,"[1.0, 3.664, 1.356, 1.849]"
BB3_FIX:RED-ZT,2.5,1.25,  2.11,3850.0,60.0,128.333333333,31.0,"[1.0, 3.664]"
BB3_FIX:RED-ZT,3,1.5,  2.08,3051.0,38.0,160.578947368,31.0,"[1.0, 3.664]"
BB3_FIX:U10-2.3GBL+1.3GBX,1.5,0.75,  2.40,7935.0,216.0,73.4722222222,33.0,You don't have U10 in the database
BB3_FIX:U10-2.3GBL+1.3GBX,2,1.0,  3.09,7106.0,172.0,82.6279069767,33.0,You don't have U10 in the database
BB3_FIX:U10-GBL-L10+R,1,0.5,  2.01,10130.0,227.0,89.2511013216,33.0,You don't have U10 in the database
BB3_FIX:U10-GBL-L10+R,1.5,0.75,  2.75,10310.0,245.0,84.1632653061,33.0,You don't have U10 in the database
BB3_FIX:U10-GBL-L10+R,2,1.0,  2.45,6118.0,147.0,83.2380952381,33.0,You don't have U10 in the database
BB3_FIX:U10-GBM-U14+GBL,2.5,1.25,  2.42,3418.0,72.0,94.9444444444,33.0,You don't have U10 in the database
BB3_FIX:U10-GBS,2,1.0,  2.22,6196.0,158.0,78.4303797468,33.0,You don't have U10 in the database
BB3_FIX:U11-2.0GBS+GBM,1.5,0.75,  2.26,12036.0,249.0,96.6746987952,43.0,You don't have U11 in the database
BB3_FIX:U11-2.0GBS+GBM,2,1.0,  2.74,10707.0,184.0,116.380434783,43.0,You don't have U11 in the database
BB3_FIX:U11-2.3GBL+1.3GX,2,1.0,  2.30,5165.0,150.0,68.8666666667,33.0,You don't have U11 in the database
BB3_FIX:U11-GBL-L11+R,1,0.5,  2.11,10447.0,231.0,90.4502164502,33.0,You don't have U11 in the database
BB3_FIX:U11-GBL-L11+R,1.5,0.75,  2.14,8071.0,215.0,75.0790697674,33.0,You don't have U11 in the database
BB3_FIX:U11-GBL-L11+R,2,1.0,  2.14,5380.0,139.0,77.4100719424,33.0,You don't have U11 in the database
BB3_FIX:U12-2.0GBM+GBL,2,1.0,  2.28,6351.0,160.0,79.3875,33.0,You don't have U12 in the database
BB3_FIX:U12-2.0GBM+GBL,2.5,1.25,  2.03,3535.0,78.0,90.641025641,33.0,You don't have U12 in the database
BB3_FIX:U12-GBL-L12+R,1.5,0.75,  2.26,8222.0,205.0,80.2146341463,33.0,You don't have U12 in the database
BB3_FIX:U12-GBL-L12+R,2,1.0,  2.55,5976.0,147.0,81.306122449,33.0,You don't have U12 in the database
BB3_FIX:U13-2.0GBL+GBX,2,1.0,  2.14,4103.0,122.0,67.262295082,33.0,You don't have U13 in the database
BB3_FIX:U13-GBL-L11+R,1.5,0.75,  2.35,8888.0,219.0,81.1689497717,33.0,You don't have U13 in the database
BB3_FIX:U13-GBL-L11+R,2,1.0,  2.39,5700.0,140.0,81.4285714286,33.0,You don't have U13 in the database
BB3_FIX:U13-GBL-L12+R,1.5,0.75,  2.00,7507.0,199.0,75.4472361809,33.0,You don't have U13 in the database
BB3_FIX:U13-GBL-L12+R,2,1.0,  2.24,5396.0,132.0,81.7575757576,33.0,You don't have U13 in the database
BB3_FIX:U13-GBL-L13+R,1.5,0.75,  2.35,8810.0,209.0,84.3062200957,33.0,You don't have U13 in the database
BB3_FIX:U13-GBL-L13+R,2,1.0,  2.04,4546.0,118.0,77.0508474576,33.0,You don't have U13 in the database
BB3_FIX:U14-2.0GBL+GBX,1.5,0.75,  2.06,6053.0,164.0,73.8170731707,33.0,You don't have U14 in the database
BB3_FIX:U14-GBL-L14+R,1.5,0.75,  2.27,8219.0,205.0,80.1853658537,33.0,You don't have U14 in the database
BB3_FIX:U14-GBL-L14+R,2,1.0,  2.36,5505.0,142.0,77.5352112676,33.0,You don't have U14 in the database
BB3_FIX:U15-2.0GBL+GBX,1.5,0.75,  2.20,6322.0,178.0,71.0337078652,31.0,You don't have U15 in the database
BB3_FIX:U15-GBL-L11+R,1.5,0.75,  2.52,9057.0,231.0,78.4155844156,31.0,You don't have U15 in the database
BB3_FIX:U15-GBL-L11+R,2,1.0,  2.81,6681.0,160.0,83.5125,31.0,You don't have U15 in the database
BB3_FIX:U15-GBL-L12+R,1.5,0.75,  2.47,8978.0,221.0,81.2488687783,31.0,You don't have U15 in the database
BB3_FIX:U15-GBL-L12+R,2,1.0,  3.46,8041.0,176.0,91.375,31.0,You don't have U15 in the database
BB3_FIX:U15-GBL-L13+R,1.5,0.75,  2.35,8487.0,209.0,81.2153110048,31.0,You don't have U15 in the database
BB3_FIX:U15-GBL-L13+R,2,1.0,  2.46,5776.0,150.0,77.0133333333,31.0,You don't have U15 in the database
BB3_FIX:U15-GBL-L14+R,1.5,0.75,  2.28,8215.0,209.0,78.6124401914,31.0,You don't have U15 in the database
BB3_FIX:U15-GBL-L14+R,2,1.0,  2.87,6524.0,148.0,88.1621621622,31.0,You don't have U15 in the database
BB3_FIX:U15-GBL-L15+R,1.5,0.75,  2.23,8000.0,205.0,78.0487804878,31.0,You don't have U15 in the database
BB3_FIX:U15-GBL-L15+R,2,1.0,  2.36,5282.0,142.0,74.3943661972,31.0,You don't have U15 in the database
BB3_FIX:U16-2.0GBL+GBX,1.5,0.75,  2.28,6965.0,188.0,74.0957446809,31.0,You don't have U16 in the database
BB3_FIX:U16-GBL-L11+R,1,0.5,  2.11,10051.0,223.0,90.1434977578,31.0,You don't have U16 in the database
BB3_FIX:U16-GBL-L11+R,1.5,0.75,  2.82,10063.0,247.0,81.4817813765,31.0,You don't have U16 in the database
BB3_FIX:U16-GBL-L11+R,2,1.0,  2.84,6712.0,154.0,87.1688311688,31.0,You don't have U16 in the database
BB3_FIX:U16-GBL-L12+R,1,0.5,  2.16,10108.0,225.0,89.8488888889,31.0,You don't have U16 in the database
BB3_FIX:U16-GBL-L12+R,1.5,0.75,  2.62,9232.0,231.0,79.9307359307,31.0,You don't have U16 in the database
BB3_FIX:U16-GBL-L12+R,2,1.0,  2.78,6264.0,151.0,82.9668874172,31.0,You don't have U16 in the database
BB3_FIX:U16-GBL-L12+R,2.5,1.25,  2.03,2915.0,68.0,85.7352941176,31.0,You don't have U16 in the database
BB3_FIX:U16-GBL-L16+R,1.5,0.75,  2.14,7801.0,197.0,79.1979695431,31.0,You don't have U16 in the database
BB3_FIX:U16-GBL-L16+R,2,1.0,  2.62,6055.0,143.0,84.6853146853,31.0,You don't have U16 in the database
BB3_FIX:U16-GBM,2.5,1.25,  2.01,1999.0,50.0,79.96,31.0,You don't have U16 in the database
BB3_FIX:U6-2.0GBM+GBL,2.5,1.25,  2.14,4349.0,56.0,155.321428571,60.0,You don't have U6 in the database
BB3_FIX:U6-2.3GBM+1.3GBL,2.5,1.25,  2.25,4771.0,62.0,153.903225806,60.0,You don't have U6 in the database
BB3_FIX:U6-GBS-U12+GBL,2,1.0,  2.23,7742.0,105.0,147.466666667,60.0,You don't have U6 in the database
BB3_FIX:U6-GBS-U12+GBL,2.5,1.25,  2.41,4330.0,50.0,173.2,60.0,You don't have U6 in the database
BB3_FIX:U6-GBS-U12+GBM,2.5,1.25,  2.28,4633.0,52.0,178.192307692,60.0,You don't have U6 in the database
BB3_FIX:U7-2.0GBS+GBM,2,1.0,  2.01,8707.0,155.0,112.348387097,55.0,You don't have U7 in the database
BB3_FIX:U7-2.3GBM+1.3GBL,2.5,1.25,  2.12,3943.0,60.0,131.433333333,55.0,You don't have U7 in the database
BB3_FIX:U7-2.3GBM+1.3GBL,3,1.5,  2.33,2947.0,38.0,155.105263158,55.0,You don't have U7 in the database
BB3_FIX:UBLUE-GBL,1,0.5,  2.87,6952.0,381.0,36.4934383202,13.0,You don't have UBLUE in the database
BB3_FIX:UBLUE-GBL,1.5,0.75,  2.92,5728.0,305.0,37.5606557377,13.0,You don't have UBLUE in the database
BB3_FIX:UBLUE-GBL,2,1.0,  2.85,4633.0,213.0,43.5023474178,13.0,You don't have UBLUE in the database
BB3_FIX:UBLUE-GBL,2.5,1.25,  2.59,3374.0,119.0,56.7058823529,13.0,You don't have UBLUE in the database
BB3_FIX:UBLUE-GBM,1,0.5,  2.38,6401.0,353.0,36.2662889518,13.0,You don't have UBLUE in the database
BB3_FIX:UBLUE-GBM,1.5,0.75,  2.76,6051.0,307.0,39.4201954397,13.0,You don't have UBLUE in the database
BB3_FIX:UBLUE-GBM,2,1.0,  2.62,4657.0,215.0,43.3209302326,13.0,You don't have UBLUE in the database
BB3_FIX:UBLUE-GBM,2.5,1.25,  2.82,3898.0,123.0,63.3821138211,13.0,You don't have UBLUE in the database
BB3_FIX:UBLUE-GBM,3,1.5,  2.17,2370.0,54.0,87.7777777778,13.0,You don't have UBLUE in the database
BB3_FIX:UGREEN-GBL,1,0.5,  2.12,5912.0,187.0,63.2299465241,25.0,You don't have UGREEN in the database
BB3_FIX:UGREEN-GBM-UBLUE+GBL,2.5,1.25,  2.37,4081.0,88.0,92.75,25.0,You don't have UGREEN in the database
BB3_FIX:URED-GBS-UGREEN+GBM,2,1.0,  2.23,6949.0,121.0,114.859504132,35.0,You don't have URED in the database
BB3_FIX:URED-GBS-UGREEN+GBM,2.5,1.25,  2.47,5257.0,79.0,133.088607595,35.0,You don't have URED in the database
BB3_FIX:URED-UGREEN,2.5,1.25,  2.07,3307.0,56.0,118.107142857,35.0,You don't have URED in the database
BB3_FIX:US10Y-TN,4,2.0,  2.20,1073.0,14.0,153.285714286,13.0,"[1.0, 7.865]"
BB3_FIX:US10Y-US30Y,2.5,1.25,  2.13,2474.0,114.0,43.4035087719,13.0,"[2.405, 1.0]"
BB3_FIX:US10Y-ZN,3,1.5,  2.01,1264.0,54.0,46.8148148148,13.0,"[1.0, 11.236]"
BB3_FIX:US2Y-US3Y,4,2.0,  2.09,983.0,8.0,245.75,41.0,"[1.593, 1.0]"
BB3_FIX:US30Y-UB,3.5,1.75,  2.04,1640.0,40.0,82.0,8.0,"[1.0, 7.108]"
BB3_FIX:US30Y-UB,4,2.0,  2.01,1538.0,32.0,96.125,8.0,"[1.0, 7.108]"
BB3_FIX:US3Y-US7Y,2,1.0,  2.32,5800.0,136.0,85.2941176471,22.0,"[2.373, 1.0]"
BB3_FIX:ZF-ZN-GBM+GBL,1.5,0.75,  2.34,4572.0,292.0,31.3150684932,13.0,"[2.381, 1.475, 2.403, 1.0]"
