BB3_FIX:3YR_BUNDLE-US3Y,3.5,1.75,  2.02,1704.0,20.0,170.4,33.0,You don't have YR_BUNDLE in the database
BB3_FIX:5YR_BUNDLE-US5Y,4,2.0,  2.38,2452.0,18.0,272.444444444,16.0,You don't have YR_BUNDLE in the database
BB3_FIX:5YR_BUNDLE-US7Y,2,1.0,  2.35,3951.0,154.0,51.3116883117,16.0,You don't have YR_BUNDLE in the database
BB3_FIX:5YR_BUNDLE-US7Y,2.5,1.25,  2.02,2424.0,70.0,69.2571428571,16.0,You don't have YR_BUNDLE in the database
BB3_FIX:5YR_BUNDLE-US7Y,3.5,1.75,  2.05,1329.0,30.0,88.6,16.0,You don't have YR_BUNDLE in the database
BB3_FIX:BLUE-TN,2,1.0,  2.10,3270.0,98.0,66.7346938776,25.0,"[1.0, 1.191]"
BB3_FIX:BLUE-TN,2.5,1.25,  2.40,2694.0,60.0,89.8,25.0,"[1.0, 1.191]"
BB3_FIX:BLUE-US10Y,1.5,0.75,  2.08,4827.0,136.0,70.9852941176,25.0,"[6.753, 1.0]"
BB3_FIX:BLUE-US10Y,2,1.0,  2.47,4108.0,114.0,72.0701754386,25.0,"[6.753, 1.0]"
BB3_FIX:BLUE-US10Y,3,1.5,  2.16,1352.0,30.0,90.1333333333,25.0,"[6.753, 1.0]"
BB3_FIX:BLUE-US5Y,3,1.5,  2.26,2763.0,38.0,145.421052632,25.0,"[3.939, 1.0]"
BB3_FIX:BLUE-US5Y,3,2.25,  2.11,3090.0,36.0,171.666666667,25.0,"[3.939, 1.0]"
BB3_FIX:BLUE-US5Y,3.5,1.75,  2.21,2433.0,20.0,243.3,25.0,"[3.939, 1.0]"
BB3_FIX:BLUE-US5Y,4,2.0,  2.09,2192.0,16.0,274.0,25.0,"[3.939, 1.0]"
BB3_FIX:BLUE-US5Y,4,3.0,  2.23,2445.0,16.0,305.625,25.0,"[3.939, 1.0]"
BB3_FIX:BLUE-US7Y-GOLD+US10Y,2.5,1.25,  2.15,2795.0,79.0,70.7594936709,16.0,"[6.753, 1.286, 7.48, 1.0]"
BB3_FIX:BLUE-US7Y-GOLD+US10Y,3,1.5,  2.30,1922.0,38.0,101.157894737,16.0,"[6.753, 1.286, 7.48, 1.0]"
BB3_FIX:BLUE-US7Y,2.5,1.25,  2.25,2873.0,58.0,99.0689655172,25.0,"[5.252, 1.0]"
BB3_FIX:BLUE-US7Y,3,1.5,  2.20,2390.0,36.0,132.777777778,25.0,"[5.252, 1.0]"
BB3_FIX:BLUE-US7Y,3.5,1.75,  2.29,2205.0,18.0,245.0,25.0,"[5.252, 1.0]"
BB3_FIX:BLUE-US7Y,3.5,2.625,  2.29,2305.0,18.0,256.111111111,25.0,"[5.252, 1.0]"
BB3_FIX:BLUE-US7Y,4,2.0,  2.25,2108.0,14.0,301.142857143,25.0,"[5.252, 1.0]"
BB3_FIX:BLUE-US7Y,4,3.0,  2.25,2167.0,14.0,309.571428571,25.0,"[5.252, 1.0]"
BB3_FIX:BLUE-ZB,2.5,1.25,  2.04,2264.0,84.0,53.9047619048,25.0,"[1.463, 1.0]"
BB3_FIX:BLUE-ZF-0.1ES,2,1.0,  2.04,3029.0,146.0,41.4931506849,16.0,"[40.698, 106.225, 1.0]"
BB3_FIX:BLUE-ZF-0.1ES,2.5,1.25,  2.02,2433.0,90.0,54.0666666667,16.0,"[40.698, 106.225, 1.0]"
BB3_FIX:BLUE-ZF-1.5GOLD+1.5ZN,1.5,0.75,  2.14,7860.0,247.0,63.6437246964,16.0,"[1.0, 2.61, 1.661, 2.441]"
BB3_FIX:BLUE-ZF-1.5GOLD+1.5ZN,2,1.0,  2.63,6299.0,209.0,60.2775119617,16.0,"[1.0, 2.61, 1.661, 2.441]"
BB3_FIX:BLUE-ZF-1.5GOLD+1.5ZN,2.5,1.25,  2.56,3803.0,113.0,67.3097345133,16.0,"[1.0, 2.61, 1.661, 2.441]"
BB3_FIX:BLUE-ZF-1.5GOLD+1.5ZN,3,1.5,  2.06,2478.0,62.0,79.935483871,16.0,"[1.0, 2.61, 1.661, 2.441]"
BB3_FIX:BLUE-ZF-PURPLE+UB,1,0.5,  2.41,7048.0,283.0,49.8091872792,16.0,"[2.048, 5.347, 2.516, 1.0]"
BB3_FIX:BLUE-ZF-PURPLE+UB,1.5,0.75,  2.84,7306.0,242.0,60.3801652893,16.0,"[2.048, 5.347, 2.516, 1.0]"
BB3_FIX:BLUE-ZF-PURPLE+UB,2,1.0,  2.30,4485.0,170.0,52.7647058824,16.0,"[2.048, 5.347, 2.516, 1.0]"
BB3_FIX:BLUE-ZF-PURPLE+UB,2.5,1.25,  2.72,4104.0,122.0,67.2786885246,16.0,"[2.048, 5.347, 2.516, 1.0]"
BB3_FIX:BLUE-ZF-PURPLE+ZB,1,0.5,  3.42,10133.0,316.0,64.1329113924,16.0,"[1.463, 3.819, 1.797, 1.0]"
BB3_FIX:BLUE-ZF-PURPLE+ZB,1,0.75,  2.42,8044.0,189.0,85.1216931217,16.0,"[1.463, 3.819, 1.797, 1.0]"
BB3_FIX:BLUE-ZF-PURPLE+ZB,1.5,0.75,  4.12,9955.0,280.0,71.1071428571,16.0,"[1.463, 3.819, 1.797, 1.0]"
BB3_FIX:BLUE-ZF-PURPLE+ZB,1.5,1.125,  2.47,7391.0,160.0,92.3875,16.0,"[1.463, 3.819, 1.797, 1.0]"
BB3_FIX:BLUE-ZF-PURPLE+ZB,2,1.0,  4.18,7848.0,198.0,79.2727272727,16.0,"[1.463, 3.819, 1.797, 1.0]"
BB3_FIX:BLUE-ZF-PURPLE+ZB,2,1.5,  2.67,6624.0,132.0,100.363636364,16.0,"[1.463, 3.819, 1.797, 1.0]"
BB3_FIX:BLUE-ZF-PURPLE+ZB,2.5,1.25,  3.34,5033.0,130.0,77.4307692308,16.0,"[1.463, 3.819, 1.797, 1.0]"
BB3_FIX:BLUE-ZF-PURPLE+ZB,2.5,1.875,  2.09,4317.0,98.0,88.1020408163,16.0,"[1.463, 3.819, 1.797, 1.0]"
BB3_FIX:BLUE-ZF-PURPLE+ZB,3,1.5,  2.97,3538.0,84.0,84.2380952381,16.0,"[1.463, 3.819, 1.797, 1.0]"
BB3_FIX:BLUE-ZF-PURPLE+ZB,3.5,1.75,  2.10,1921.0,58.0,66.2413793103,16.0,"[1.463, 3.819, 1.797, 1.0]"
BB3_FIX:BLUE-ZF-PURPLE+ZB,4,2.0,  2.22,1730.0,46.0,75.2173913043,16.0,"[1.463, 3.819, 1.797, 1.0]"
BB3_FIX:BLUE-ZF-PURPLE+ZN,1,0.5,  2.76,7997.0,239.0,66.9205020921,16.0,"[1.0, 2.61, 1.228, 1.627]"
BB3_FIX:BLUE-ZF-PURPLE+ZN,1.5,0.75,  3.29,7737.0,218.0,70.9816513761,16.0,"[1.0, 2.61, 1.228, 1.627]"
BB3_FIX:BLUE-ZF-PURPLE+ZN,2,1.0,  3.67,6855.0,178.0,77.0224719101,16.0,"[1.0, 2.61, 1.228, 1.627]"
BB3_FIX:BLUE-ZF-PURPLE+ZN,2.5,1.25,  3.19,4872.0,116.0,84.0,16.0,"[1.0, 2.61, 1.228, 1.627]"
BB3_FIX:BLUE-ZF-PURPLE+ZN,2.5,1.875,  2.03,4283.0,86.0,99.6046511628,16.0,"[1.0, 2.61, 1.228, 1.627]"
BB3_FIX:BLUE-ZF-PURPLE+ZN,3,1.5,  3.04,4023.0,78.0,103.153846154,16.0,"[1.0, 2.61, 1.228, 1.627]"
BB3_FIX:BLUE-ZF-PURPLE+ZN,3,2.25,  2.32,3966.0,74.0,107.189189189,16.0,"[1.0, 2.61, 1.228, 1.627]"
BB3_FIX:BLUE-ZF-PURPLE+ZN,3.5,1.75,  3.32,3908.0,62.0,126.064516129,16.0,"[1.0, 2.61, 1.228, 1.627]"
BB3_FIX:BLUE-ZF-PURPLE+ZN,3.5,2.625,  2.53,3625.0,56.0,129.464285714,16.0,"[1.0, 2.61, 1.228, 1.627]"
BB3_FIX:BLUE-ZF-PURPLE+ZN,4,2.0,  2.95,3208.0,46.0,139.47826087,16.0,"[1.0, 2.61, 1.228, 1.627]"
BB3_FIX:BLUE-ZF-PURPLE+ZN,4,3.0,  2.33,2913.0,42.0,138.714285714,16.0,"[1.0, 2.61, 1.228, 1.627]"
BB3_FIX:BLUE-ZN-GOLD+US10Y,2.5,1.25,  2.09,2261.0,75.0,60.2933333333,16.0,"[6.753, 10.989, 7.48, 1.0]"
BB3_FIX:BLUE-ZN-GOLD+US10Y,3,1.5,  2.04,1195.0,32.0,74.6875,16.0,"[6.753, 10.989, 7.48, 1.0]"
BB3_FIX:BLUE-ZN-GOLD+US10Y,4,2.0,  2.04,672.0,10.0,134.4,16.0,"[6.753, 10.989, 7.48, 1.0]"
BB3_FIX:BLUE-ZN-GOLD+ZB,2,1.0,  2.36,4262.0,198.0,43.0505050505,16.0,"[1.463, 2.381, 1.621, 1.0]"
BB3_FIX:BLUE-ZN-PURPLE+UB,1,0.5,  2.38,6905.0,271.0,50.9594095941,16.0,"[2.048, 3.333, 2.516, 1.0]"
BB3_FIX:BLUE-ZN-PURPLE+UB,1.5,0.75,  2.62,6612.0,244.0,54.1967213115,16.0,"[2.048, 3.333, 2.516, 1.0]"
BB3_FIX:BLUE-ZN-PURPLE+UB,2,1.0,  2.66,5454.0,174.0,62.6896551724,16.0,"[2.048, 3.333, 2.516, 1.0]"
BB3_FIX:BLUE-ZN-PURPLE+UB,2.5,1.25,  2.42,4099.0,110.0,74.5272727273,16.0,"[2.048, 3.333, 2.516, 1.0]"
BB3_FIX:BLUE-ZN-PURPLE+UB,3,1.5,  2.29,3204.0,82.0,78.1463414634,16.0,"[2.048, 3.333, 2.516, 1.0]"
BB3_FIX:BLUE-ZN-PURPLE+ZB,1,0.5,  3.37,10048.0,308.0,65.2467532468,16.0,"[1.463, 2.381, 1.797, 1.0]"
BB3_FIX:BLUE-ZN-PURPLE+ZB,1,0.75,  2.31,7663.0,183.0,83.7486338798,16.0,"[1.463, 2.381, 1.797, 1.0]"
BB3_FIX:BLUE-ZN-PURPLE+ZB,1,1,  2.09,7153.0,161.0,88.8571428571,16.0,"[1.463, 2.381, 1.797, 1.0]"
BB3_FIX:BLUE-ZN-PURPLE+ZB,1.5,0.75,  3.53,8497.0,256.0,66.3828125,16.0,"[1.463, 2.381, 1.797, 1.0]"
BB3_FIX:BLUE-ZN-PURPLE+ZB,1.5,1.125,  2.39,7186.0,154.0,93.3246753247,16.0,"[1.463, 2.381, 1.797, 1.0]"
BB3_FIX:BLUE-ZN-PURPLE+ZB,2,1.0,  3.28,6366.0,186.0,68.4516129032,16.0,"[1.463, 2.381, 1.797, 1.0]"
BB3_FIX:BLUE-ZN-PURPLE+ZB,2.5,1.25,  3.15,4925.0,116.0,84.9137931034,16.0,"[1.463, 2.381, 1.797, 1.0]"
BB3_FIX:BLUE-ZN-PURPLE+ZB,3,1.5,  3.12,3945.0,74.0,106.621621622,16.0,"[1.463, 2.381, 1.797, 1.0]"
BB3_FIX:BLUE-ZN-PURPLE+ZB,3,2.25,  2.05,3421.0,62.0,110.35483871,16.0,"[1.463, 2.381, 1.797, 1.0]"
BB3_FIX:BLUE-ZN-PURPLE+ZB,3.5,1.75,  3.14,3527.0,54.0,130.62962963,16.0,"[1.463, 2.381, 1.797, 1.0]"
BB3_FIX:BLUE-ZN-PURPLE+ZB,3.5,2.625,  2.41,3449.0,52.0,132.653846154,16.0,"[1.463, 2.381, 1.797, 1.0]"
BB3_FIX:BLUE-ZN-PURPLE+ZB,4,2.0,  2.09,2206.0,38.0,116.105263158,16.0,"[1.463, 2.381, 1.797, 1.0]"
BB3_FIX:BLUE-ZN,2.5,1.25,  2.23,2644.0,58.0,91.1724137931,25.0,"[1.0, 1.627]"
BB3_FIX:GE10-ZF-GE19+ZB,2,1.0,  2.17,5697.0,198.0,57.5454545455,23.0,"[5.429, 3.819, 6.571, 1.0]"
BB3_FIX:GE10-ZN-GE18+ZB,2,1.0,  2.36,6702.0,212.0,63.2264150943,23.0,"[5.429, 2.381, 6.405, 1.0]"
BB3_FIX:GE10-ZN-GE18+ZB,2.5,1.25,  2.23,4228.0,126.0,67.1111111111,23.0,"[5.429, 2.381, 6.405, 1.0]"
BB3_FIX:GE10-ZT,1.5,0.75,  2.13,7632.0,250.0,61.056,23.0,"[1.056, 1.0]"
BB3_FIX:GE10-ZT,2,1.0,  2.11,5487.0,180.0,60.9666666667,23.0,"[1.056, 1.0]"
BB3_FIX:GE11-L11,1,0.5,  2.16,8829.0,333.0,53.027027027,23.0,"[1.0, 1.974]"
BB3_FIX:GE11-L11,1.5,0.75,  2.52,8389.0,265.0,63.3132075472,23.0,"[1.0, 1.974]"
BB3_FIX:GE11-L11,2,1.0,  2.30,5734.0,159.0,72.1257861635,23.0,"[1.0, 1.974]"
BB3_FIX:GE11-ZF-GE23+UB,1.5,0.75,  2.57,10243.0,324.0,63.2283950617,25.0,"[7.633, 5.347, 10.2, 1.0]"
BB3_FIX:GE11-ZF-GE23+UB,2,1.0,  2.97,8408.0,230.0,73.1130434783,25.0,"[7.633, 5.347, 10.2, 1.0]"
BB3_FIX:GE11-ZF-GE23+UB,2.5,1.25,  2.12,3829.0,106.0,72.2452830189,25.0,"[7.633, 5.347, 10.2, 1.0]"
BB3_FIX:GE12-L12,1.5,0.75,  2.32,7700.0,255.0,60.3921568627,23.0,"[1.0, 1.909]"
BB3_FIX:GE12-L12,2,1.0,  2.24,5542.0,167.0,66.371257485,23.0,"[1.0, 1.909]"
BB3_FIX:GE12-US7Y,3.5,1.75,  2.02,1268.0,22.0,115.272727273,23.0,"[19.829, 1.0]"
BB3_FIX:GE12-ZF-GE20+ZB,2,1.0,  2.10,5378.0,184.0,58.4565217391,23.0,"[5.524, 3.819, 6.738, 1.0]"
BB3_FIX:GE12-ZF-GE24+UB,1,0.5,  2.07,10519.0,357.0,58.9299719888,23.0,"[7.733, 5.347, 10.5, 1.0]"
BB3_FIX:GE12-ZF-GE24+UB,1.5,0.75,  3.42,13504.0,406.0,66.5221674877,23.0,"[7.733, 5.347, 10.5, 1.0]"
BB3_FIX:GE12-ZF-GE24+UB,2,1.0,  3.07,8654.0,242.0,71.520661157,23.0,"[7.733, 5.347, 10.5, 1.0]"
BB3_FIX:GE12-ZF-GE24+UB,2.5,1.25,  2.33,4365.0,118.0,73.9830508475,23.0,"[7.733, 5.347, 10.5, 1.0]"
BB3_FIX:GE13-L13,1,0.5,  2.43,9872.0,325.0,60.7507692308,23.0,"[1.0, 1.835]"
BB3_FIX:GE13-L13,1.5,0.75,  2.20,7269.0,241.0,60.3236514523,23.0,"[1.0, 1.835]"
BB3_FIX:GE13-L13,2,1.0,  2.41,5922.0,165.0,71.7818181818,23.0,"[1.0, 1.835]"
BB3_FIX:GE13-L13,2.5,1.25,  2.14,3927.0,92.0,85.3695652174,23.0,"[1.0, 1.835]"
BB3_FIX:GE13-L13,3.5,1.75,  2.02,1897.0,36.0,105.388888889,23.0,"[1.0, 1.835]"
BB3_FIX:GE13-US5Y,4,2.0,  2.01,1395.0,10.0,279.0,23.0,"[15.192, 1.0]"
BB3_FIX:GE13-US7Y,2.5,1.25,  2.46,3178.0,88.0,72.2272727273,23.0,"[20.256, 1.0]"
BB3_FIX:GE13-US7Y,3.5,1.75,  2.25,1337.0,22.0,121.545454545,23.0,"[20.256, 1.0]"
BB3_FIX:GE13-US7Y,4,2.0,  2.27,1044.0,12.0,174.0,23.0,"[20.256, 1.0]"
BB3_FIX:GE14-L14,1,0.5,  2.01,8043.0,285.0,56.4421052632,26.0,"[1.0, 1.761]"
BB3_FIX:GE14-L14,1.5,0.75,  2.23,6993.0,231.0,60.5454545455,26.0,"[1.0, 1.761]"
BB3_FIX:GE14-L14,2,1.0,  2.03,4734.0,139.0,68.1151079137,26.0,"[1.0, 1.761]"
BB3_FIX:GE14-L14,3.5,1.75,  2.20,1883.0,30.0,125.533333333,26.0,"[1.0, 1.761]"
BB3_FIX:GE14-US5Y,4,2.0,  2.03,1376.0,10.0,275.2,26.0,"[15.577, 1.0]"
BB3_FIX:GE14-US7Y,3.5,1.75,  2.64,1457.0,18.0,161.888888889,26.0,"[20.769, 1.0]"
BB3_FIX:GE14-US7Y,4,2.0,  2.13,985.0,10.0,197.0,26.0,"[20.769, 1.0]"
BB3_FIX:GE15-L15,2.5,1.25,  2.22,3887.0,90.0,86.3777777778,26.0,"[1.0, 1.699]"
BB3_FIX:GE15-L15,3.5,1.75,  2.66,2234.0,34.0,131.411764706,26.0,"[1.0, 1.699]"
BB3_FIX:GE15-L15,3.5,2.625,  2.13,2712.0,34.0,159.529411765,26.0,"[1.0, 1.699]"
BB3_FIX:GE15-US7Y,3,1.5,  2.12,1884.0,38.0,99.1578947368,26.0,"[21.282, 1.0]"
BB3_FIX:GE15-US7Y,3.5,1.75,  2.12,1177.0,14.0,168.142857143,26.0,"[21.282, 1.0]"
BB3_FIX:GE15-US7Y,4,2.0,  2.05,989.0,10.0,197.8,26.0,"[21.282, 1.0]"
BB3_FIX:GE16-L16,1,0.5,  2.03,8635.0,265.0,65.1698113208,28.0,"[1.0, 1.639]"
BB3_FIX:GE16-L16,1.5,0.75,  2.17,7240.0,211.0,68.6255924171,28.0,"[1.0, 1.639]"
BB3_FIX:GE16-L16,2.5,1.25,  2.03,3417.0,80.0,85.425,28.0,"[1.0, 1.639]"
BB3_FIX:GE16-US7Y,3.5,1.75,  2.04,1211.0,16.0,151.375,28.0,"[21.795, 1.0]"
BB3_FIX:GE16-US7Y,4,2.0,  2.15,1026.0,10.0,205.2,28.0,"[21.795, 1.0]"
BB3_FIX:GE17-US7Y,3.5,1.75,  2.46,1351.0,16.0,168.875,28.0,"[22.393, 1.0]"
BB3_FIX:GE17-US7Y,4,2.0,  2.07,1026.0,10.0,205.2,28.0,"[22.393, 1.0]"
BB3_FIX:GE2-US2Y,2,1.0,  2.06,6570.0,157.0,83.6942675159,31.0,"[9.484, 1.0]"
BB3_FIX:GE23-UB,1.5,0.75,  2.06,6508.0,204.0,63.8039215686,31.0,"[10.2, 1.0]"
BB3_FIX:GE23-US30Y,2.5,1.25,  2.05,3041.0,74.0,82.1891891892,31.0,"[74.634, 1.0]"
BB3_FIX:GE24-UB,2,1.0,  2.14,4684.0,150.0,62.4533333333,31.0,"[10.5, 1.0]"
BB3_FIX:GE24-US30Y,1.5,0.75,  2.26,7332.0,208.0,70.5,31.0,"[76.829, 1.0]"
BB3_FIX:GE24-US30Y,2,1.0,  2.13,4824.0,142.0,67.9436619718,31.0,"[76.829, 1.0]"
BB3_FIX:GE24-ZB,1,0.5,  2.10,8883.0,207.0,85.8260869565,31.0,"[7.5, 1.0]"
BB3_FIX:GE24-ZB,1.5,0.75,  2.06,7091.0,184.0,77.0760869565,31.0,"[7.5, 1.0]"
BB3_FIX:GE4-ZT-PURPLE+ZB,1,0.5,  2.30,11238.0,147.0,152.897959184,46.0,"[7.071, 5.143, 1.797, 1.0]"
BB3_FIX:GE4-ZT-PURPLE+ZB,1,0.75,  2.11,11094.0,125.0,177.504,46.0,"[7.071, 5.143, 1.797, 1.0]"
BB3_FIX:GE4-ZT-PURPLE+ZB,1,1,  2.11,11094.0,125.0,177.504,46.0,"[7.071, 5.143, 1.797, 1.0]"
BB3_FIX:GE4-ZT-PURPLE+ZB,1.5,0.75,  2.21,9154.0,115.0,159.2,46.0,"[7.071, 5.143, 1.797, 1.0]"
BB3_FIX:GE4-ZT-PURPLE+ZB,2,1.0,  2.64,8540.0,95.0,179.789473684,46.0,"[7.071, 5.143, 1.797, 1.0]"
BB3_FIX:GE4-ZT-PURPLE+ZB,2.5,1.25,  2.22,5434.0,71.0,153.070422535,46.0,"[7.071, 5.143, 1.797, 1.0]"
BB3_FIX:GE4-ZT-PURPLE+ZB,3,1.5,  2.28,4499.0,48.0,187.458333333,46.0,"[7.071, 5.143, 1.797, 1.0]"
BB3_FIX:GE5-US2Y-GE9+US3Y,3.5,1.75,  2.03,1251.0,12.0,208.5,41.0,"[9.489, 1.628, 8.358, 1.0]"
BB3_FIX:GE5-ZT-PURPLE+ZB,1,0.5,  2.20,10590.0,151.0,140.264900662,41.0,"[6.19, 5.143, 1.797, 1.0]"
BB3_FIX:GE5-ZT-PURPLE+ZB,1,0.75,  2.13,10846.0,127.0,170.803149606,41.0,"[6.19, 5.143, 1.797, 1.0]"
BB3_FIX:GE5-ZT-PURPLE+ZB,1,1,  2.08,10648.0,125.0,170.368,41.0,"[6.19, 5.143, 1.797, 1.0]"
BB3_FIX:GE5-ZT-PURPLE+ZB,1.5,0.75,  2.85,11505.0,145.0,158.689655172,41.0,"[6.19, 5.143, 1.797, 1.0]"
BB3_FIX:GE5-ZT-PURPLE+ZB,2,1.0,  2.90,9558.0,118.0,162.0,41.0,"[6.19, 5.143, 1.797, 1.0]"
BB3_FIX:GE5-ZT-PURPLE+ZB,2,1.5,  2.06,9194.0,85.0,216.329411765,41.0,"[6.19, 5.143, 1.797, 1.0]"
BB3_FIX:GE5-ZT-PURPLE+ZB,2.5,1.25,  2.88,6929.0,82.0,169.0,41.0,"[6.19, 5.143, 1.797, 1.0]"
BB3_FIX:GE5-ZT-PURPLE+ZB,2.5,1.875,  2.28,8400.0,65.0,258.461538462,41.0,"[6.19, 5.143, 1.797, 1.0]"
BB3_FIX:GE5-ZT-PURPLE+ZB,3,1.5,  2.15,4494.0,52.0,172.846153846,41.0,"[6.19, 5.143, 1.797, 1.0]"
BB3_FIX:GE5-ZT-PURPLE+ZB,3.5,1.75,  2.07,4102.0,40.0,205.1,41.0,"[6.19, 5.143, 1.797, 1.0]"
BB3_FIX:GE9-US3Y-GOLD+US10Y,2.5,1.25,  2.10,4554.0,83.0,109.734939759,31.0,"[25.165, 3.011, 7.48, 1.0]"
BB3_FIX:GOLD-TN,2.5,1.25,  2.10,3046.0,48.0,126.916666667,25.0,"[1.0, 1.075]"
BB3_FIX:GOLD-UB,2,1.0,  2.05,3834.0,186.0,41.2258064516,16.0,"[2.269, 1.0]"
BB3_FIX:GOLD-UB,2.5,1.875,  2.12,3971.0,114.0,69.6666666667,16.0,"[2.269, 1.0]"
BB3_FIX:GOLD-US10Y-PURPLE+UB,2,1.0,  2.03,3778.0,161.0,46.9316770186,16.0,"[7.48, 1.0, 8.296, 3.297]"
BB3_FIX:GOLD-US10Y-PURPLE+UB,3,1.5,  2.30,2662.0,74.0,71.9459459459,16.0,"[7.48, 1.0, 8.296, 3.297]"
BB3_FIX:GOLD-US10Y-PURPLE+UB,3.5,1.75,  2.31,1990.0,48.0,82.9166666667,16.0,"[7.48, 1.0, 8.296, 3.297]"
BB3_FIX:GOLD-US10Y-PURPLE+ZB,1,0.5,  2.78,8019.0,227.0,70.6519823789,16.0,"[7.48, 1.0, 8.296, 4.615]"
BB3_FIX:GOLD-US10Y-PURPLE+ZB,1,0.75,  2.29,7063.0,167.0,84.5868263473,16.0,"[7.48, 1.0, 8.296, 4.615]"
BB3_FIX:GOLD-US10Y-PURPLE+ZB,1,1,  2.18,6855.0,159.0,86.2264150943,16.0,"[7.48, 1.0, 8.296, 4.615]"
BB3_FIX:GOLD-US10Y-PURPLE+ZB,1.5,0.75,  3.17,7447.0,213.0,69.9248826291,16.0,"[7.48, 1.0, 8.296, 4.615]"
BB3_FIX:GOLD-US10Y-PURPLE+ZB,1.5,1.125,  2.05,5929.0,125.0,94.864,16.0,"[7.48, 1.0, 8.296, 4.615]"
BB3_FIX:GOLD-US10Y-PURPLE+ZB,2,1.0,  3.65,6580.0,171.0,76.9590643275,16.0,"[7.48, 1.0, 8.296, 4.615]"
BB3_FIX:GOLD-US10Y-PURPLE+ZB,2,1.5,  2.13,5686.0,101.0,112.594059406,16.0,"[7.48, 1.0, 8.296, 4.615]"
BB3_FIX:GOLD-US10Y-PURPLE+ZB,2.5,1.25,  3.73,5137.0,113.0,90.9203539823,16.0,"[7.48, 1.0, 8.296, 4.615]"
BB3_FIX:GOLD-US10Y-PURPLE+ZB,3,1.5,  3.66,4263.0,78.0,109.307692308,16.0,"[7.48, 1.0, 8.296, 4.615]"
BB3_FIX:GOLD-US10Y-PURPLE+ZB,3,2.25,  2.12,3435.0,64.0,107.34375,16.0,"[7.48, 1.0, 8.296, 4.615]"
BB3_FIX:GOLD-US10Y-PURPLE+ZB,3.5,1.75,  3.44,3657.0,58.0,126.103448276,16.0,"[7.48, 1.0, 8.296, 4.615]"
BB3_FIX:GOLD-US10Y-PURPLE+ZB,3.5,2.625,  2.64,3417.0,54.0,126.555555556,16.0,"[7.48, 1.0, 8.296, 4.615]"
BB3_FIX:GOLD-US10Y-PURPLE+ZB,4,2.0,  3.22,2555.0,44.0,116.136363636,16.0,"[7.48, 1.0, 8.296, 4.615]"
BB3_FIX:GOLD-US10Y-PURPLE+ZB,4,3.0,  2.27,2493.0,44.0,113.318181818,16.0,"[7.48, 1.0, 8.296, 4.615]"
BB3_FIX:GOLD-US10Y,2.5,1.25,  2.32,3321.0,52.0,127.730769231,25.0,"[7.48, 1.0]"
BB3_FIX:GOLD-US10Y,3,1.5,  2.03,2739.0,32.0,171.1875,25.0,"[7.48, 1.0]"
BB3_FIX:GOLD-US7Y,1,0.5,  2.04,6038.0,213.0,56.6948356808,16.0,"[5.818, 1.0]"
BB3_FIX:GOLD-US7Y,1.5,0.75,  2.26,5616.0,189.0,59.4285714286,16.0,"[5.818, 1.0]"
BB3_FIX:GOLD-US7Y,2,1.0,  2.58,5054.0,157.0,64.3821656051,16.0,"[5.818, 1.0]"
BB3_FIX:GOLD-US7Y,2.5,1.25,  2.55,3904.0,95.0,82.1894736842,16.0,"[5.818, 1.0]"
BB3_FIX:GOLD-US7Y,3,1.5,  2.24,3034.0,52.0,116.692307692,16.0,"[5.818, 1.0]"
BB3_FIX:GOLD-US7Y,3.5,1.75,  2.14,2719.0,32.0,169.9375,16.0,"[5.818, 1.0]"
BB3_FIX:GOLD-US7Y,3.5,2.625,  2.04,2933.0,32.0,183.3125,16.0,"[5.818, 1.0]"
BB3_FIX:GOLD-US7Y,4,2.0,  2.12,2620.0,24.0,218.333333333,16.0,"[5.818, 1.0]"
BB3_FIX:GOLD-US7Y,4,3.0,  2.10,2723.0,24.0,226.916666667,16.0,"[5.818, 1.0]"
BB3_FIX:GOLD-ZB-PURPLE+UB,1.5,0.75,  2.18,5105.0,193.0,52.9015544041,16.0,"[2.269, 1.4, 2.516, 1.0]"
BB3_FIX:GOLD-ZB-PURPLE+UB,2,1.0,  2.37,4377.0,147.0,59.5510204082,16.0,"[2.269, 1.4, 2.516, 1.0]"
BB3_FIX:GOLD-ZB-PURPLE+UB,2.5,1.25,  2.82,4147.0,123.0,67.4308943089,16.0,"[2.269, 1.4, 2.516, 1.0]"
BB3_FIX:GOLD-ZB-PURPLE+UB,3,1.5,  2.58,3227.0,82.0,78.7073170732,16.0,"[2.269, 1.4, 2.516, 1.0]"
BB3_FIX:GOLD-ZB-PURPLE+UB,3.5,1.75,  2.80,2857.0,64.0,89.28125,16.0,"[2.269, 1.4, 2.516, 1.0]"
BB3_FIX:GOLD-ZB-PURPLE+UB,4,2.0,  2.45,2198.0,50.0,87.92,16.0,"[2.269, 1.4, 2.516, 1.0]"
BB3_FIX:GOLD-ZB,2,1.0,  2.29,4347.0,126.0,69.0,25.0,"[1.621, 1.0]"
BB3_FIX:GOLD-ZF-PURPLE+UB,1,0.5,  2.14,6191.0,293.0,42.2593856655,16.0,"[2.269, 5.347, 2.516, 1.0]"
BB3_FIX:GOLD-ZF-PURPLE+UB,1.5,0.75,  2.06,4993.0,225.0,44.3822222222,16.0,"[2.269, 5.347, 2.516, 1.0]"
BB3_FIX:GOLD-ZF-PURPLE+ZB,1,0.5,  2.73,7763.0,293.0,52.9897610922,16.0,"[1.621, 3.819, 1.797, 1.0]"
BB3_FIX:GOLD-ZF-PURPLE+ZB,1.5,0.75,  3.16,7384.0,246.0,60.0325203252,16.0,"[1.621, 3.819, 1.797, 1.0]"
BB3_FIX:GOLD-ZF-PURPLE+ZB,2,1.0,  2.77,5084.0,168.0,60.5238095238,16.0,"[1.621, 3.819, 1.797, 1.0]"
BB3_FIX:GOLD-ZF-PURPLE+ZB,2,1.5,  2.18,5160.0,131.0,78.7786259542,16.0,"[1.621, 3.819, 1.797, 1.0]"
BB3_FIX:GOLD-ZF-PURPLE+ZB,2.5,1.25,  2.49,3748.0,124.0,60.4516129032,16.0,"[1.621, 3.819, 1.797, 1.0]"
BB3_FIX:GOLD-ZF-PURPLE+ZB,2.5,1.875,  2.15,4100.0,100.0,82.0,16.0,"[1.621, 3.819, 1.797, 1.0]"
BB3_FIX:GOLD-ZF-PURPLE+ZB,3,1.5,  2.71,3365.0,98.0,68.6734693878,16.0,"[1.621, 3.819, 1.797, 1.0]"
BB3_FIX:GOLD-ZF-PURPLE+ZB,3,2.25,  2.17,3627.0,90.0,80.6,16.0,"[1.621, 3.819, 1.797, 1.0]"
BB3_FIX:GOLD-ZF-PURPLE+ZN,1,0.5,  3.02,8959.0,227.0,78.9339207048,16.0,"[1.0, 2.356, 1.109, 1.469]"
BB3_FIX:GOLD-ZF-PURPLE+ZN,1,0.75,  2.38,7506.0,181.0,82.9392265193,16.0,"[1.0, 2.356, 1.109, 1.469]"
BB3_FIX:GOLD-ZF-PURPLE+ZN,1,1,  2.27,7202.0,175.0,82.3085714286,16.0,"[1.0, 2.356, 1.109, 1.469]"
BB3_FIX:GOLD-ZF-PURPLE+ZN,1.5,0.75,  3.09,7680.0,200.0,76.8,16.0,"[1.0, 2.356, 1.109, 1.469]"
BB3_FIX:GOLD-ZF-PURPLE+ZN,1.5,1.125,  2.17,6604.0,129.0,102.387596899,16.0,"[1.0, 2.356, 1.109, 1.469]"
BB3_FIX:GOLD-ZF-PURPLE+ZN,2,1.0,  4.20,7363.0,178.0,82.7303370787,16.0,"[1.0, 2.356, 1.109, 1.469]"
BB3_FIX:GOLD-ZF-PURPLE+ZN,2.5,1.25,  3.85,5445.0,132.0,82.5,16.0,"[1.0, 2.356, 1.109, 1.469]"
BB3_FIX:GOLD-ZF-PURPLE+ZN,3,1.5,  3.93,4256.0,92.0,92.5217391304,16.0,"[1.0, 2.356, 1.109, 1.469]"
BB3_FIX:GOLD-ZF-PURPLE+ZN,3,2.25,  2.68,4711.0,80.0,117.775,16.0,"[1.0, 2.356, 1.109, 1.469]"
BB3_FIX:GOLD-ZF-PURPLE+ZN,3.5,1.75,  3.17,3084.0,56.0,110.142857143,16.0,"[1.0, 2.356, 1.109, 1.469]"
BB3_FIX:GOLD-ZF-PURPLE+ZN,3.5,2.625,  2.17,3155.0,52.0,121.346153846,16.0,"[1.0, 2.356, 1.109, 1.469]"
BB3_FIX:GOLD-ZF-PURPLE+ZN,4,2.0,  3.12,2822.0,46.0,122.695652174,16.0,"[1.0, 2.356, 1.109, 1.469]"
BB3_FIX:GOLD-ZF-PURPLE+ZN,4,3.0,  2.28,2715.0,42.0,129.285714286,16.0,"[1.0, 2.356, 1.109, 1.469]"
BB3_FIX:GOLD-ZN-PURPLE+UB,1,0.5,  2.08,5792.0,255.0,45.4274509804,16.0,"[2.269, 3.333, 2.516, 1.0]"
BB3_FIX:GOLD-ZN-PURPLE+UB,1.5,0.75,  2.19,5331.0,217.0,49.133640553,16.0,"[2.269, 3.333, 2.516, 1.0]"
BB3_FIX:GOLD-ZN-PURPLE+UB,2,1.0,  2.23,4198.0,162.0,51.8271604938,16.0,"[2.269, 3.333, 2.516, 1.0]"
BB3_FIX:GOLD-ZN-PURPLE+UB,2.5,1.25,  2.11,3200.0,122.0,52.4590163934,16.0,"[2.269, 3.333, 2.516, 1.0]"
BB3_FIX:GOLD-ZN-PURPLE+ZB,1,0.5,  2.82,8132.0,267.0,60.9138576779,16.0,"[1.621, 2.381, 1.797, 1.0]"
BB3_FIX:GOLD-ZN-PURPLE+ZB,1,0.75,  2.07,6627.0,175.0,75.7371428571,16.0,"[1.621, 2.381, 1.797, 1.0]"
BB3_FIX:GOLD-ZN-PURPLE+ZB,1.5,0.75,  3.36,7904.0,242.0,65.3223140496,16.0,"[1.621, 2.381, 1.797, 1.0]"
BB3_FIX:GOLD-ZN-PURPLE+ZB,2,1.0,  2.92,5324.0,170.0,62.6352941176,16.0,"[1.621, 2.381, 1.797, 1.0]"
BB3_FIX:GOLD-ZN-PURPLE+ZB,2.5,1.25,  2.61,3818.0,114.0,66.9824561404,16.0,"[1.621, 2.381, 1.797, 1.0]"
BB3_FIX:GOLD-ZN-PURPLE+ZB,3.5,1.75,  2.34,2421.0,66.0,73.3636363636,16.0,"[1.621, 2.381, 1.797, 1.0]"
BB3_FIX:GOLD-ZN-PURPLE+ZB,4,2.0,  2.32,1851.0,46.0,80.4782608696,16.0,"[1.621, 2.381, 1.797, 1.0]"
BB3_FIX:GOLD-ZN,1.5,0.75,  2.15,4992.0,195.0,51.2,16.0,"[1.0, 1.469]"
BB3_FIX:GOLD-ZN,2,1.0,  2.21,4004.0,145.0,55.2275862069,16.0,"[1.0, 1.469]"
BB3_FIX:GOLD-ZN,2.5,1.25,  2.18,3211.0,92.0,69.8043478261,16.0,"[1.0, 1.469]"
BB3_FIX:GREEN-US2Y,1,0.5,  2.93,10479.0,450.0,46.5733333333,16.0,"[1.286, 1.0]"
BB3_FIX:GREEN-US2Y,1.5,0.75,  2.54,7264.0,322.0,45.1180124224,16.0,"[1.286, 1.0]"
BB3_FIX:GREEN-US2Y,2,1.0,  2.03,4525.0,194.0,46.6494845361,16.0,"[1.286, 1.0]"
BB3_FIX:GREEN-US3Y-BLUE+US5Y,3,1.5,  2.28,2605.0,53.0,98.3018867925,16.0,"[3.678, 1.756, 3.939, 1.0]"
BB3_FIX:GREEN-US3Y-BLUE+US5Y,3.5,1.75,  2.22,1947.0,26.0,149.769230769,16.0,"[3.678, 1.756, 3.939, 1.0]"
BB3_FIX:GREEN-US3Y-BLUE+US5Y,4,2.0,  2.20,1679.0,14.0,239.857142857,16.0,"[3.678, 1.756, 3.939, 1.0]"
BB3_FIX:GREEN-US3Y,1,0.5,  2.11,6459.0,267.0,48.3820224719,16.0,"[2.094, 1.0]"
BB3_FIX:GREEN-US3Y,1.5,0.75,  2.42,5858.0,246.0,47.6260162602,16.0,"[2.094, 1.0]"
BB3_FIX:GREEN-US3Y,2,1.0,  2.00,3537.0,166.0,42.6144578313,16.0,"[2.094, 1.0]"
BB3_FIX:GREEN-US3Y,4,2.0,  2.03,1519.0,18.0,168.777777778,16.0,"[2.094, 1.0]"
BB3_FIX:GREEN-US5Y,3.5,1.75,  2.35,2415.0,26.0,185.769230769,16.0,"[3.678, 1.0]"
BB3_FIX:GREEN-US5Y,4,2.0,  2.35,2339.0,18.0,259.888888889,16.0,"[3.678, 1.0]"
BB3_FIX:GREEN-ZB,2.5,1.25,  2.24,2663.0,120.0,44.3833333333,16.0,"[1.366, 1.0]"
BB3_FIX:GREEN-ZB,3,1.5,  2.23,1920.0,66.0,58.1818181818,16.0,"[1.366, 1.0]"
BB3_FIX:GREEN-ZF-GOLD+US10Y,2.5,1.25,  2.00,2558.0,102.0,50.1568627451,16.0,"[6.305, 17.626, 7.48, 1.0]"
BB3_FIX:GREEN-ZF-GOLD+US10Y,3,1.5,  2.31,2272.0,72.0,63.1111111111,16.0,"[6.305, 17.626, 7.48, 1.0]"
BB3_FIX:GREEN-ZF-GOLD+ZB,2,1.0,  2.43,4358.0,208.0,41.9038461538,16.0,"[1.366, 3.819, 1.621, 1.0]"
BB3_FIX:GREEN-ZF-GOLD+ZN,2.5,1.25,  2.16,2968.0,118.0,50.3050847458,16.0,"[1.0, 2.796, 1.186, 1.743]"
BB3_FIX:GREEN-ZF-GOLD+ZN,3,1.5,  2.21,1839.0,60.0,61.3,16.0,"[1.0, 2.796, 1.186, 1.743]"
BB3_FIX:GREEN-ZF-GOLD+ZN,3.5,1.75,  2.04,1316.0,34.0,77.4117647059,16.0,"[1.0, 2.796, 1.186, 1.743]"
BB3_FIX:GREEN-ZF-PURPLE+UB,1,0.5,  2.90,8584.0,320.0,53.65,16.0,"[1.912, 5.347, 2.516, 1.0]"
BB3_FIX:GREEN-ZF-PURPLE+UB,1.5,0.75,  2.54,6476.0,234.0,55.3504273504,16.0,"[1.912, 5.347, 2.516, 1.0]"
BB3_FIX:GREEN-ZF-PURPLE+UB,2,1.0,  3.32,6849.0,184.0,74.4456521739,16.0,"[1.912, 5.347, 2.516, 1.0]"
BB3_FIX:GREEN-ZF-PURPLE+UB,2,1.5,  2.22,5626.0,134.0,83.9701492537,16.0,"[1.912, 5.347, 2.516, 1.0]"
BB3_FIX:GREEN-ZF-PURPLE+UB,2.5,1.25,  2.99,4514.0,122.0,74.0,16.0,"[1.912, 5.347, 2.516, 1.0]"
BB3_FIX:GREEN-ZF-PURPLE+UB,3,1.5,  2.19,2740.0,84.0,65.2380952381,16.0,"[1.912, 5.347, 2.516, 1.0]"
BB3_FIX:GREEN-ZF-PURPLE+ZB,1,0.5,  3.68,10727.0,336.0,63.8511904762,16.0,"[1.366, 3.819, 1.797, 1.0]"
BB3_FIX:GREEN-ZF-PURPLE+ZB,1,0.75,  2.69,8841.0,209.0,84.6028708134,16.0,"[1.366, 3.819, 1.797, 1.0]"
BB3_FIX:GREEN-ZF-PURPLE+ZB,1,1,  2.25,7817.0,173.0,90.3699421965,16.0,"[1.366, 3.819, 1.797, 1.0]"
BB3_FIX:GREEN-ZF-PURPLE+ZB,1.5,0.75,  3.40,8291.0,250.0,66.328,16.0,"[1.366, 3.819, 1.797, 1.0]"
BB3_FIX:GREEN-ZF-PURPLE+ZB,1.5,1.125,  2.30,6733.0,156.0,86.3205128205,16.0,"[1.366, 3.819, 1.797, 1.0]"
BB3_FIX:GREEN-ZF-PURPLE+ZB,2,1.0,  3.51,6887.0,186.0,74.0537634409,16.0,"[1.366, 3.819, 1.797, 1.0]"
BB3_FIX:GREEN-ZF-PURPLE+ZB,2,1.5,  2.23,5389.0,120.0,89.8166666667,16.0,"[1.366, 3.819, 1.797, 1.0]"
BB3_FIX:GREEN-ZF-PURPLE+ZB,2.5,1.25,  3.11,5204.0,126.0,82.6031746032,16.0,"[1.366, 3.819, 1.797, 1.0]"
BB3_FIX:GREEN-ZF-PURPLE+ZB,2.5,1.875,  2.47,5100.0,100.0,102.0,16.0,"[1.366, 3.819, 1.797, 1.0]"
BB3_FIX:GREEN-ZF-PURPLE+ZB,3,1.5,  2.55,2979.0,86.0,69.2790697674,16.0,"[1.366, 3.819, 1.797, 1.0]"
BB3_FIX:GREEN-ZF-PURPLE+ZB,3.5,1.75,  2.79,2693.0,60.0,89.7666666667,16.0,"[1.366, 3.819, 1.797, 1.0]"
BB3_FIX:GREEN-ZF-PURPLE+ZB,4,2.0,  2.48,2011.0,44.0,91.4090909091,16.0,"[1.366, 3.819, 1.797, 1.0]"
BB3_FIX:GREEN-ZF-PURPLE+ZN,1,0.5,  2.80,8164.0,263.0,62.0836501901,16.0,"[1.0, 2.796, 1.316, 1.743]"
BB3_FIX:GREEN-ZF-PURPLE+ZN,1.5,0.75,  3.36,7960.0,248.0,64.1935483871,16.0,"[1.0, 2.796, 1.316, 1.743]"
BB3_FIX:GREEN-ZF-PURPLE+ZN,1.5,1.125,  2.13,6255.0,143.0,87.4825174825,16.0,"[1.0, 2.796, 1.316, 1.743]"
BB3_FIX:GREEN-ZF-PURPLE+ZN,2,1.0,  3.33,6350.0,176.0,72.1590909091,16.0,"[1.0, 2.796, 1.316, 1.743]"
BB3_FIX:GREEN-ZF-PURPLE+ZN,2,1.5,  2.38,5863.0,120.0,97.7166666667,16.0,"[1.0, 2.796, 1.316, 1.743]"
BB3_FIX:GREEN-ZF-PURPLE+ZN,2.5,1.25,  2.88,4370.0,108.0,80.9259259259,16.0,"[1.0, 2.796, 1.316, 1.743]"
BB3_FIX:GREEN-ZF-PURPLE+ZN,2.5,1.875,  2.55,4960.0,100.0,99.2,16.0,"[1.0, 2.796, 1.316, 1.743]"
BB3_FIX:GREEN-ZF-PURPLE+ZN,3,1.5,  2.63,3620.0,78.0,92.8205128205,16.0,"[1.0, 2.796, 1.316, 1.743]"
BB3_FIX:GREEN-ZF-PURPLE+ZN,3,2.25,  2.30,3886.0,74.0,105.027027027,16.0,"[1.0, 2.796, 1.316, 1.743]"
BB3_FIX:GREEN-ZF-PURPLE+ZN,3.5,1.75,  2.75,3468.0,60.0,115.6,16.0,"[1.0, 2.796, 1.316, 1.743]"
BB3_FIX:GREEN-ZF-PURPLE+ZN,3.5,2.625,  2.59,3806.0,60.0,126.866666667,16.0,"[1.0, 2.796, 1.316, 1.743]"
BB3_FIX:GREEN-ZF-PURPLE+ZN,4,2.0,  2.69,3218.0,52.0,123.769230769,16.0,"[1.0, 2.796, 1.316, 1.743]"
BB3_FIX:GREEN-ZF-PURPLE+ZN,4,3.0,  2.47,3319.0,52.0,127.653846154,16.0,"[1.0, 2.796, 1.316, 1.743]"
BB3_FIX:GREEN-ZN-GOLD+ZB,1,0.5,  2.04,7125.0,312.0,45.6730769231,16.0,"[1.366, 2.381, 1.621, 1.0]"
BB3_FIX:GREEN-ZN-GOLD+ZB,1.5,0.75,  2.29,6215.0,290.0,42.8620689655,16.0,"[1.366, 2.381, 1.621, 1.0]"
BB3_FIX:GREEN-ZN-GOLD+ZB,2,1.0,  2.66,5130.0,238.0,43.1092436975,16.0,"[1.366, 2.381, 1.621, 1.0]"
BB3_FIX:GREEN-ZN-GOLD+ZB,2.5,1.25,  2.29,2885.0,122.0,47.2950819672,16.0,"[1.366, 2.381, 1.621, 1.0]"
BB3_FIX:GREEN-ZN-PURPLE+UB,1,0.5,  2.51,7483.0,272.0,55.0220588235,16.0,"[1.912, 3.333, 2.516, 1.0]"
BB3_FIX:GREEN-ZN-PURPLE+UB,1.5,0.75,  3.01,7570.0,250.0,60.56,16.0,"[1.912, 3.333, 2.516, 1.0]"
BB3_FIX:GREEN-ZN-PURPLE+UB,1.5,1.125,  2.04,5898.0,159.0,74.1886792453,16.0,"[1.912, 3.333, 2.516, 1.0]"
BB3_FIX:GREEN-ZN-PURPLE+UB,2,1.0,  2.86,6027.0,172.0,70.0813953488,16.0,"[1.912, 3.333, 2.516, 1.0]"
BB3_FIX:GREEN-ZN-PURPLE+UB,2,1.5,  2.08,5363.0,134.0,80.0447761194,16.0,"[1.912, 3.333, 2.516, 1.0]"
BB3_FIX:GREEN-ZN-PURPLE+UB,2.5,1.25,  2.16,3754.0,112.0,67.0357142857,16.0,"[1.912, 3.333, 2.516, 1.0]"
BB3_FIX:GREEN-ZN-PURPLE+UB,3,1.5,  2.32,3256.0,78.0,83.4871794872,16.0,"[1.912, 3.333, 2.516, 1.0]"
BB3_FIX:GREEN-ZN-PURPLE+UB,3.5,1.75,  2.64,3262.0,60.0,108.733333333,16.0,"[1.912, 3.333, 2.516, 1.0]"
BB3_FIX:GREEN-ZN-PURPLE+ZB,1,0.5,  3.26,9715.0,326.0,59.6012269939,16.0,"[1.366, 2.381, 1.797, 1.0]"
BB3_FIX:GREEN-ZN-PURPLE+ZB,1,0.75,  2.43,8132.0,199.0,81.7286432161,16.0,"[1.366, 2.381, 1.797, 1.0]"
BB3_FIX:GREEN-ZN-PURPLE+ZB,1.5,0.75,  3.18,7745.0,246.0,62.9674796748,16.0,"[1.366, 2.381, 1.797, 1.0]"
BB3_FIX:GREEN-ZN-PURPLE+ZB,1.5,1.125,  2.53,7541.0,166.0,90.8554216867,16.0,"[1.366, 2.381, 1.797, 1.0]"
BB3_FIX:GREEN-ZN-PURPLE+ZB,2,1.0,  3.06,6075.0,168.0,72.3214285714,16.0,"[1.366, 2.381, 1.797, 1.0]"
BB3_FIX:GREEN-ZN-PURPLE+ZB,2,1.5,  2.57,6218.0,138.0,90.115942029,16.0,"[1.366, 2.381, 1.797, 1.0]"
BB3_FIX:GREEN-ZN-PURPLE+ZB,2.5,1.25,  3.58,5824.0,132.0,88.2424242424,16.0,"[1.366, 2.381, 1.797, 1.0]"
BB3_FIX:GREEN-ZN-PURPLE+ZB,2.5,1.875,  2.25,4660.0,104.0,89.6153846154,16.0,"[1.366, 2.381, 1.797, 1.0]"
BB3_FIX:GREEN-ZN-PURPLE+ZB,3,1.5,  2.91,4013.0,84.0,95.5476190476,16.0,"[1.366, 2.381, 1.797, 1.0]"
BB3_FIX:GREEN-ZN-PURPLE+ZB,3,2.25,  2.15,3660.0,74.0,98.9189189189,16.0,"[1.366, 2.381, 1.797, 1.0]"
BB3_FIX:GREEN-ZN-PURPLE+ZB,3.5,1.75,  2.74,3264.0,52.0,125.538461538,16.0,"[1.366, 2.381, 1.797, 1.0]"
BB3_FIX:GREEN-ZN-PURPLE+ZB,3.5,2.625,  2.31,3265.0,50.0,130.6,16.0,"[1.366, 2.381, 1.797, 1.0]"
BB3_FIX:GREEN-ZN,1.5,0.75,  2.11,4246.0,204.0,41.6274509804,16.0,"[1.0, 1.743]"
BB3_FIX:GREEN-ZN,2.5,1.25,  2.18,2471.0,74.0,66.7837837838,16.0,"[1.0, 1.743]"
BB3_FIX:GREEN-ZN,3.5,1.75,  2.17,1869.0,30.0,124.6,16.0,"[1.0, 1.743]"
BB3_FIX:GREEN-ZT,1,0.5,  2.37,8655.0,376.0,46.0372340426,16.0,"[1.0, 3.765]"
BB3_FIX:GREEN-ZT,1.5,0.75,  3.00,8569.0,338.0,50.7041420118,16.0,"[1.0, 3.765]"
BB3_FIX:GREEN-ZT,2,1.0,  2.74,6187.0,220.0,56.2454545455,16.0,"[1.0, 3.765]"
BB3_FIX:GREEN-ZT,2.5,1.25,  2.23,3528.0,112.0,63.0,16.0,"[1.0, 3.765]"
BB3_FIX:L10-G,1,0.5,  2.69,17345.0,215.0,161.348837209,38.0,You don't have G in the database
BB3_FIX:L10-G,1.5,0.75,  3.63,18727.0,232.0,161.439655172,38.0,You don't have G in the database
BB3_FIX:L10-G,2,1.0,  3.31,12852.0,160.0,160.65,38.0,You don't have G in the database
BB3_FIX:L10-G,2.5,1.25,  2.58,6617.0,92.0,143.847826087,38.0,You don't have G in the database
BB3_FIX:L11-G,1,0.5,  2.68,16801.0,227.0,148.026431718,36.0,You don't have G in the database
BB3_FIX:L11-G,1.5,0.75,  3.59,18009.0,238.0,151.336134454,36.0,You don't have G in the database
BB3_FIX:L11-G,2,1.0,  3.48,13449.0,166.0,162.036144578,36.0,You don't have G in the database
BB3_FIX:L11-G,2,1.5,  2.29,12387.0,115.0,215.426086957,36.0,You don't have G in the database
BB3_FIX:L11-G,2.5,1.25,  2.20,5984.0,90.0,132.977777778,36.0,You don't have G in the database
BB3_FIX:L11-G,3,1.5,  2.07,4737.0,56.0,169.178571429,36.0,You don't have G in the database
BB3_FIX:L12-G,1,0.5,  2.95,18568.0,249.0,149.140562249,36.0,You don't have G in the database
BB3_FIX:L12-G,1.5,0.75,  3.60,18152.0,243.0,149.399176955,36.0,You don't have G in the database
BB3_FIX:L12-G,2,1.0,  2.61,9309.0,149.0,124.953020134,36.0,You don't have G in the database
BB3_FIX:L12-G,2.5,1.25,  2.74,7234.0,92.0,157.260869565,36.0,You don't have G in the database
BB3_FIX:L12-G,3,1.5,  2.41,4857.0,54.0,179.888888889,36.0,You don't have G in the database
BB3_FIX:L14-GBL,3,1.5,  2.07,2165.0,42.0,103.095238095,36.0,"[5.903, 1.0]"
BB3_FIX:L16-GBL,2.5,1.25,  2.10,3111.0,78.0,79.7692307692,32.0,"[5.766, 1.0]"
BB3_FIX:L16-GBL,3,1.5,  2.03,2045.0,38.0,107.631578947,32.0,"[5.766, 1.0]"
BB3_FIX:L3-G,1,0.5,  2.85,21014.0,173.0,242.936416185,60.0,You don't have G in the database
BB3_FIX:L3-G,1,0.75,  2.35,17914.0,145.0,247.089655172,60.0,You don't have G in the database
BB3_FIX:L3-G,1,1,  2.35,17914.0,145.0,247.089655172,60.0,You don't have G in the database
BB3_FIX:L3-G,1.5,0.75,  2.55,14693.0,142.0,206.943661972,60.0,You don't have G in the database
BB3_FIX:L3-G,2,1.0,  2.91,11695.0,118.0,198.220338983,60.0,You don't have G in the database
BB3_FIX:L3-G,2.5,1.25,  2.85,7908.0,70.0,225.942857143,60.0,You don't have G in the database
BB3_FIX:L3-G,3,1.5,  2.52,5261.0,42.0,250.523809524,60.0,You don't have G in the database
BB3_FIX:L3-G,3,2.25,  2.16,6371.0,42.0,303.380952381,60.0,You don't have G in the database
BB3_FIX:L4-G,1,0.5,  2.44,17289.0,151.0,228.993377483,60.0,You don't have G in the database
BB3_FIX:L4-G,1.5,0.75,  2.43,14057.0,139.0,202.258992806,60.0,You don't have G in the database
BB3_FIX:L4-G,2,1.0,  2.23,8117.0,98.0,165.653061224,60.0,You don't have G in the database
BB3_FIX:L4-G,2.5,1.25,  2.03,5232.0,58.0,180.413793103,60.0,You don't have G in the database
BB3_FIX:L4-G,3,1.5,  2.03,4189.0,38.0,220.473684211,60.0,You don't have G in the database
BB3_FIX:L5-G,1,0.5,  2.43,17052.0,151.0,225.854304636,60.0,You don't have G in the database
BB3_FIX:L5-G,1.5,0.75,  2.08,12103.0,118.0,205.13559322,60.0,You don't have G in the database
BB3_FIX:L5-G,2,1.0,  2.18,8259.0,106.0,155.830188679,60.0,You don't have G in the database
BB3_FIX:L5-G,2.5,1.25,  2.19,5712.0,64.0,178.5,60.0,You don't have G in the database
BB3_FIX:L6-G,1,0.5,  2.27,16022.0,145.0,220.993103448,60.0,You don't have G in the database
BB3_FIX:L6-G,1,0.75,  2.07,15094.0,135.0,223.614814815,60.0,You don't have G in the database
BB3_FIX:L6-G,1,1,  2.01,14777.0,133.0,222.210526316,60.0,You don't have G in the database
BB3_FIX:L6-G,1.5,0.75,  2.28,13913.0,134.0,207.656716418,60.0,You don't have G in the database
BB3_FIX:L6-G,2.5,1.25,  2.18,5912.0,62.0,190.709677419,60.0,You don't have G in the database
BB3_FIX:L7-G,1,0.5,  2.10,14863.0,139.0,213.856115108,60.0,You don't have G in the database
BB3_FIX:L7-G,1.5,0.75,  2.19,12722.0,125.0,203.552,60.0,You don't have G in the database
BB3_FIX:L7-G,2,1.0,  2.26,8834.0,92.0,192.043478261,60.0,You don't have G in the database
BB3_FIX:L8-G,2,1.0,  2.15,9272.0,98.0,189.224489796,60.0,You don't have G in the database
BB3_FIX:L9-G,2,1.0,  2.22,9167.0,102.0,179.745098039,60.0,You don't have G in the database
BB3_FIX:LGREEN-R,1.5,0.75,  2.04,2921.0,163.0,35.8404907975,20.0,You don't have LGREEN in the database
BB3_FIX:RED-US2Y-GOLD+ZN,3.5,1.75,  2.14,2072.0,30.0,138.133333333,31.0,"[1.349, 1.0, 1.526, 2.242]"
BB3_FIX:RED-US2Y-GOLD+ZN,4,2.0,  2.01,1310.0,12.0,218.333333333,31.0,"[1.349, 1.0, 1.526, 2.242]"
BB3_FIX:RED-US3Y-BLUE+US5Y,2.5,1.25,  2.11,3680.0,76.0,96.8421052632,31.0,"[3.858, 1.756, 3.939, 1.0]"
BB3_FIX:RED-US3Y-BLUE+US5Y,3,1.5,  2.11,2344.0,32.0,146.5,31.0,"[3.858, 1.756, 3.939, 1.0]"
BB3_FIX:RED-ZF-GOLD+US10Y,2.5,1.25,  2.07,2813.0,78.0,72.1282051282,31.0,"[6.613, 17.626, 7.48, 1.0]"
BB3_FIX:RED-ZF-PURPLE+ZB,1,0.5,  2.55,8842.0,166.0,106.530120482,31.0,"[1.433, 3.819, 1.797, 1.0]"
BB3_FIX:RED-ZF-PURPLE+ZB,1,0.75,  2.10,7795.0,127.0,122.755905512,31.0,"[1.433, 3.819, 1.797, 1.0]"
BB3_FIX:RED-ZF-PURPLE+ZB,1.5,0.75,  2.71,8243.0,146.0,112.917808219,31.0,"[1.433, 3.819, 1.797, 1.0]"
BB3_FIX:RED-ZF-PURPLE+ZB,1.5,1.125,  2.07,7116.0,103.0,138.174757282,31.0,"[1.433, 3.819, 1.797, 1.0]"
BB3_FIX:RED-ZF-PURPLE+ZB,2,1.0,  3.34,7829.0,132.0,118.621212121,31.0,"[1.433, 3.819, 1.797, 1.0]"
BB3_FIX:RED-ZF-PURPLE+ZB,2,1.5,  2.08,6582.0,84.0,156.714285714,31.0,"[1.433, 3.819, 1.797, 1.0]"
BB3_FIX:RED-ZF-PURPLE+ZB,2.5,1.25,  3.29,6558.0,96.0,136.625,31.0,"[1.433, 3.819, 1.797, 1.0]"
BB3_FIX:RED-ZF-PURPLE+ZB,2.5,1.875,  2.09,5722.0,68.0,168.294117647,31.0,"[1.433, 3.819, 1.797, 1.0]"
BB3_FIX:RED-ZF-PURPLE+ZB,3,1.5,  2.92,5140.0,64.0,160.625,31.0,"[1.433, 3.819, 1.797, 1.0]"
BB3_FIX:RED-ZF-PURPLE+ZB,3,2.25,  2.39,5077.0,54.0,188.037037037,31.0,"[1.433, 3.819, 1.797, 1.0]"
BB3_FIX:RED-ZF-PURPLE+ZB,3.5,1.75,  2.37,3899.0,50.0,155.96,31.0,"[1.433, 3.819, 1.797, 1.0]"
BB3_FIX:RED-ZF-PURPLE+ZB,4,2.0,  2.14,2711.0,34.0,159.470588235,31.0,"[1.433, 3.819, 1.797, 1.0]"
BB3_FIX:RED-ZT-GE9+ZF,2.5,1.25,  2.10,3919.0,60.0,130.633333333,31.0,"[1.0, 3.589, 3.805, 2.665]"
BB3_FIX:RED-ZT-GOLD+ZN,2.5,1.25,  2.10,4485.0,78.0,115.0,31.0,"[1.0, 3.589, 1.131, 1.662]"
BB3_FIX:RED-ZT-GOLD+ZN,3,1.5,  2.05,3100.0,44.0,140.909090909,31.0,"[1.0, 3.589, 1.131, 1.662]"
BB3_FIX:RED-ZT-PURPLE+UB,1.5,0.75,  2.70,8861.0,170.0,104.247058824,31.0,"[2.006, 7.2, 2.516, 1.0]"
BB3_FIX:RED-ZT-PURPLE+UB,2,1.0,  3.01,8021.0,142.0,112.971830986,31.0,"[2.006, 7.2, 2.516, 1.0]"
BB3_FIX:RED-ZT-PURPLE+UB,2.5,1.25,  3.25,7179.0,96.0,149.5625,31.0,"[2.006, 7.2, 2.516, 1.0]"
BB3_FIX:RED-ZT-PURPLE+UB,2.5,1.875,  2.20,6491.0,74.0,175.432432432,31.0,"[2.006, 7.2, 2.516, 1.0]"
BB3_FIX:RED-ZT-PURPLE+UB,3,1.5,  2.23,4395.0,62.0,141.774193548,31.0,"[2.006, 7.2, 2.516, 1.0]"
BB3_FIX:RED-ZT-PURPLE+ZB,1,0.5,  2.52,9968.0,177.0,112.632768362,31.0,"[1.433, 5.143, 1.797, 1.0]"
BB3_FIX:RED-ZT-PURPLE+ZB,1.5,0.75,  2.86,9386.0,170.0,110.423529412,31.0,"[1.433, 5.143, 1.797, 1.0]"
BB3_FIX:RED-ZT-PURPLE+ZB,2,1.0,  2.77,7333.0,124.0,118.274193548,31.0,"[1.433, 5.143, 1.797, 1.0]"
BB3_FIX:RED-ZT-PURPLE+ZB,2,1.5,  2.19,7878.0,96.0,164.125,31.0,"[1.433, 5.143, 1.797, 1.0]"
BB3_FIX:RED-ZT-PURPLE+ZB,2.5,1.25,  2.99,6588.0,96.0,137.25,31.0,"[1.433, 5.143, 1.797, 1.0]"
BB3_FIX:RED-ZT-PURPLE+ZB,2.5,1.875,  2.17,6589.0,72.0,183.027777778,31.0,"[1.433, 5.143, 1.797, 1.0]"
BB3_FIX:RED-ZT-PURPLE+ZB,3,1.5,  2.61,4955.0,66.0,150.151515152,31.0,"[1.433, 5.143, 1.797, 1.0]"
BB3_FIX:RED-ZT-PURPLE+ZB,3.5,1.75,  2.43,4173.0,46.0,181.434782609,31.0,"[1.433, 5.143, 1.797, 1.0]"
BB3_FIX:RED-ZT-PURPLE+ZB,4,2.0,  2.24,3592.0,30.0,239.466666667,31.0,"[1.433, 5.143, 1.797, 1.0]"
BB3_FIX:RED-ZT-PURPLE+ZN,1,0.5,  2.73,11323.0,193.0,117.336787565,31.0,"[1.0, 3.589, 1.254, 1.662]"
BB3_FIX:RED-ZT-PURPLE+ZN,1,0.75,  2.25,9788.0,155.0,126.296774194,31.0,"[1.0, 3.589, 1.254, 1.662]"
BB3_FIX:RED-ZT-PURPLE+ZN,1,1,  2.25,9841.0,153.0,128.640522876,31.0,"[1.0, 3.589, 1.254, 1.662]"
BB3_FIX:RED-ZT-PURPLE+ZN,1.5,0.75,  2.87,10082.0,173.0,116.554913295,31.0,"[1.0, 3.589, 1.254, 1.662]"
BB3_FIX:RED-ZT-PURPLE+ZN,2,1.0,  3.10,8314.0,128.0,129.90625,31.0,"[1.0, 3.589, 1.254, 1.662]"
BB3_FIX:RED-ZT-PURPLE+ZN,2,1.5,  2.46,9607.0,103.0,186.54368932,31.0,"[1.0, 3.589, 1.254, 1.662]"
BB3_FIX:RED-ZT-PURPLE+ZN,2.5,1.25,  3.20,6928.0,98.0,141.387755102,31.0,"[1.0, 3.589, 1.254, 1.662]"
BB3_FIX:RED-ZT-PURPLE+ZN,3,1.5,  3.21,5977.0,70.0,170.771428571,31.0,"[1.0, 3.589, 1.254, 1.662]"
BB3_FIX:RED-ZT-PURPLE+ZN,3.5,1.75,  2.81,4765.0,48.0,198.541666667,31.0,"[1.0, 3.589, 1.254, 1.662]"
BB3_FIX:RED-ZT-PURPLE+ZN,3.5,2.625,  2.25,4834.0,46.0,210.173913043,31.0,"[1.0, 3.589, 1.254, 1.662]"
BB3_FIX:RED-ZT-PURPLE+ZN,4,2.0,  2.56,4072.0,34.0,239.529411765,31.0,"[1.0, 3.589, 1.254, 1.662]"
BB3_FIX:RED-ZT-PURPLE+ZN,4,3.0,  2.08,3926.0,32.0,245.375,31.0,"[1.0, 3.589, 1.254, 1.662]"
BB3_FIX:RED-ZT,2.5,1.25,  2.27,4197.0,66.0,127.181818182,31.0,"[1.0, 3.589]"
BB3_FIX:RED-ZT,3,1.5,  2.14,3167.0,40.0,158.35,31.0,"[1.0, 3.589]"
BB3_FIX:U10-GBL-L10+R,1,0.5,  2.06,10399.0,237.0,87.7552742616,33.0,"[8.403, 1.218, 7.798, 1.0]"
BB3_FIX:U10-GBL-L10+R,1.5,0.75,  2.56,9887.0,244.0,81.0409836066,33.0,"[8.403, 1.218, 7.798, 1.0]"
BB3_FIX:U10-GBL-L10+R,2,1.0,  2.31,6067.0,152.0,79.8289473684,33.0,"[8.403, 1.218, 7.798, 1.0]"
BB3_FIX:U10-GBM-U14+GBL,2.5,1.25,  2.54,3721.0,76.0,97.9210526316,33.0,"[6.897, 2.51, 6.097, 1.0]"
BB3_FIX:U10-GBS,2,1.0,  2.32,6803.0,173.0,78.6473988439,33.0,"[1.0, 1.546]"
BB3_FIX:U11-GBL-L11+R,1,0.5,  2.15,10762.0,243.0,88.5761316872,33.0,"[7.933, 1.218, 7.597, 1.0]"
BB3_FIX:U11-GBL-L11+R,1.5,0.75,  2.06,7918.0,216.0,73.3148148148,33.0,"[7.933, 1.218, 7.597, 1.0]"
BB3_FIX:U11-GBS,2,1.0,  2.04,5704.0,159.0,71.748427673,33.0,"[1.0, 1.638]"
BB3_FIX:U12-GBL-L12+R,1.5,0.75,  2.32,8650.0,215.0,80.4651162791,33.0,"[7.563, 1.218, 7.445, 1.0]"
BB3_FIX:U12-GBL-L12+R,2,1.0,  2.20,5397.0,146.0,73.9315068493,33.0,"[7.563, 1.218, 7.445, 1.0]"
BB3_FIX:U13-GBL-L11+R,1.5,0.75,  2.37,9132.0,224.0,81.5357142857,33.0,"[7.479, 1.218, 7.597, 1.0]"
BB3_FIX:U13-GBL-L11+R,2,1.0,  2.17,5345.0,138.0,77.4637681159,33.0,"[7.479, 1.218, 7.597, 1.0]"
BB3_FIX:U13-GBL-L12+R,1.5,0.75,  2.08,7925.0,210.0,75.4761904762,33.0,"[7.479, 1.218, 7.445, 1.0]"
BB3_FIX:U13-GBL-L13+R,1.5,0.75,  2.37,9065.0,218.0,83.1651376147,33.0,"[7.479, 1.218, 7.311, 1.0]"
BB3_FIX:U14-GBL-L14+R,1.5,0.75,  2.30,8477.0,212.0,79.9716981132,33.0,"[7.429, 1.218, 7.193, 1.0]"
BB3_FIX:U14-GBL-L14+R,2,1.0,  2.18,5195.0,140.0,74.2142857143,33.0,"[7.429, 1.218, 7.193, 1.0]"
BB3_FIX:U14-GBM,2.5,1.25,  2.01,2373.0,58.0,81.8275862069,33.0,"[2.429, 1.0]"
BB3_FIX:U15-GBL-L11+R,1.5,0.75,  2.55,9243.0,236.0,78.3305084746,31.0,"[7.697, 1.218, 7.597, 1.0]"
BB3_FIX:U15-GBL-L11+R,2,1.0,  2.66,6397.0,160.0,79.9625,31.0,"[7.697, 1.218, 7.597, 1.0]"
BB3_FIX:U15-GBL-L12+R,1.5,0.75,  2.48,9062.0,224.0,80.9107142857,31.0,"[7.697, 1.218, 7.445, 1.0]"
BB3_FIX:U15-GBL-L12+R,2,1.0,  3.17,7513.0,172.0,87.3604651163,31.0,"[7.697, 1.218, 7.445, 1.0]"
BB3_FIX:U15-GBL-L13+R,1.5,0.75,  2.43,8803.0,216.0,81.5092592593,31.0,"[7.697, 1.218, 7.311, 1.0]"
BB3_FIX:U15-GBL-L13+R,2,1.0,  2.30,5447.0,148.0,73.6081081081,31.0,"[7.697, 1.218, 7.311, 1.0]"
BB3_FIX:U15-GBL-L14+R,1.5,0.75,  2.38,8629.0,218.0,79.1651376147,31.0,"[7.697, 1.218, 7.193, 1.0]"
BB3_FIX:U15-GBL-L14+R,2,1.0,  2.82,6551.0,152.0,86.1973684211,31.0,"[7.697, 1.218, 7.193, 1.0]"
BB3_FIX:U15-GBL-L15+R,1.5,0.75,  2.26,8210.0,210.0,78.1904761905,31.0,"[7.697, 1.218, 7.109, 1.0]"
BB3_FIX:U15-GBL-L15+R,2,1.0,  2.22,5007.0,140.0,71.5285714286,31.0,"[7.697, 1.218, 7.109, 1.0]"
BB3_FIX:U15-GBM,2.5,1.25,  2.44,2693.0,60.0,89.7666666667,31.0,"[2.516, 1.0]"
BB3_FIX:U16-GBL-L11+R,1,0.5,  2.28,10863.0,244.0,89.0409836066,31.0,"[8.084, 1.218, 7.597, 1.0]"
BB3_FIX:U16-GBL-L11+R,1.5,0.75,  2.85,10201.0,254.0,80.3228346457,31.0,"[8.084, 1.218, 7.597, 1.0]"
BB3_FIX:U16-GBL-L11+R,2,1.0,  2.74,6597.0,156.0,84.5769230769,31.0,"[8.084, 1.218, 7.597, 1.0]"
BB3_FIX:U16-GBL-L12+R,1,0.5,  2.31,10829.0,246.0,88.0406504065,31.0,"[8.084, 1.218, 7.445, 1.0]"
BB3_FIX:U16-GBL-L12+R,1.5,0.75,  2.63,9326.0,236.0,79.0338983051,31.0,"[8.084, 1.218, 7.445, 1.0]"
BB3_FIX:U16-GBL-L12+R,2,1.0,  2.64,6081.0,150.0,81.08,31.0,"[8.084, 1.218, 7.445, 1.0]"
BB3_FIX:U16-GBL-L16+R,1.5,0.75,  2.19,8075.0,204.0,79.1666666667,31.0,"[8.084, 1.218, 7.025, 1.0]"
BB3_FIX:U16-GBL-L16+R,2,1.0,  2.49,5911.0,142.0,83.2535211268,31.0,"[8.084, 1.218, 7.025, 1.0]"
BB3_FIX:U16-GBM,2,1.0,  2.09,4464.0,124.0,72.0,31.0,"[2.643, 1.0]"
BB3_FIX:U16-GBM,2.5,1.25,  2.29,2448.0,56.0,87.4285714286,31.0,"[2.643, 1.0]"
BB3_FIX:U16-GBM,3,1.5,  2.06,1396.0,28.0,99.7142857143,31.0,"[2.643, 1.0]"
BB3_FIX:U5-GBS-U11+GBL,2.5,1.25,  2.07,5663.0,62.0,182.677419355,75.0,"[12.634, 10.661, 6.51, 1.0]"
BB3_FIX:U6-GBM-GBL+GBX,2.5,1.25,  2.01,4510.0,70.0,128.857142857,60.0,"[26.786, 6.5, 2.589, 1.0]"
BB3_FIX:U6-GBM-GBS+GBL,2.5,1.25,  2.04,4063.0,56.0,145.107142857,60.0,"[10.345, 2.51, 10.661, 1.0]"
BB3_FIX:U6-GBS-U12+GBL,2,1.0,  2.51,8917.0,117.0,152.427350427,60.0,"[10.345, 10.661, 6.207, 1.0]"
BB3_FIX:U6-GBS-U12+GBL,2.5,1.25,  2.72,5150.0,59.0,174.576271186,60.0,"[10.345, 10.661, 6.207, 1.0]"
BB3_FIX:U6-GBS-U12+GBM,2.5,1.25,  2.45,5602.0,64.0,175.0625,60.0,"[4.121, 4.247, 2.473, 1.0]"
BB3_FIX:U6-GBS,2,1.0,  2.26,7157.0,114.0,125.561403509,60.0,"[1.0, 1.031]"
BB3_FIX:UBLUE-GBL,1,0.5,  2.86,7683.0,411.0,37.3868613139,13.0,You don't have UBLUE in the database
BB3_FIX:UBLUE-GBL,1.5,0.75,  2.97,6655.0,331.0,40.2114803625,13.0,You don't have UBLUE in the database
BB3_FIX:UBLUE-GBL,2,1.0,  2.62,4985.0,225.0,44.3111111111,13.0,You don't have UBLUE in the database
BB3_FIX:UBLUE-GBL,2.5,1.25,  2.29,3562.0,120.0,59.3666666667,13.0,You don't have UBLUE in the database
BB3_FIX:UBLUE-GBM,1,0.5,  2.49,7293.0,383.0,38.0835509138,13.0,You don't have UBLUE in the database
BB3_FIX:UBLUE-GBM,1.5,0.75,  2.65,6407.0,322.0,39.7950310559,13.0,You don't have UBLUE in the database
BB3_FIX:UBLUE-GBM,2,1.0,  2.71,5358.0,226.0,47.4159292035,13.0,You don't have UBLUE in the database
BB3_FIX:UBLUE-GBM,2.5,1.25,  2.54,4034.0,126.0,64.0317460317,13.0,You don't have UBLUE in the database
BB3_FIX:UBLUE-GBM,3,1.5,  2.41,2965.0,58.0,102.24137931,13.0,You don't have UBLUE in the database
BB3_FIX:UBLUE-GBM,3,2.25,  2.20,3104.0,52.0,119.384615385,13.0,You don't have UBLUE in the database
BB3_FIX:UGREEN-GBL,2.5,1.25,  2.06,2868.0,75.0,76.48,25.0,You don't have UGREEN in the database
BB3_FIX:UGREEN-GBL,3,1.5,  2.06,2434.0,46.0,105.826086957,25.0,You don't have UGREEN in the database
BB3_FIX:UGREEN-GBM-UBLUE+GBL,2,1.0,  2.14,5597.0,130.0,86.1076923077,25.0,You don't have UGREEN in the database
BB3_FIX:UGREEN-GBM-UBLUE+GBL,2.5,1.25,  2.49,4400.0,94.0,93.6170212766,25.0,You don't have UGREEN in the database
BB3_FIX:URED-GBM,2.5,1.25,  2.08,3089.0,82.0,75.3414634146,35.0,You don't have URED in the database
BB3_FIX:URED-GBS-UGREEN+GBM,1.5,0.75,  2.03,9114.0,149.0,122.33557047,35.0,You don't have URED in the database
BB3_FIX:URED-GBS-UGREEN+GBM,2,1.0,  2.69,8733.0,139.0,125.654676259,35.0,You don't have URED in the database
BB3_FIX:URED-GBS-UGREEN+GBM,2.5,1.25,  2.91,6582.0,90.0,146.266666667,35.0,You don't have URED in the database
BB3_FIX:URED-GBS-UGREEN+GBM,3,1.5,  2.23,3944.0,42.0,187.80952381,35.0,You don't have URED in the database
BB3_FIX:URED-GBS,2.5,1.25,  2.34,3858.0,88.0,87.6818181818,35.0,You don't have URED in the database
BB3_FIX:ZF-ZN-GBM+GBL,1.5,0.75,  2.26,4594.0,299.0,30.72909699,13.0,"[2.212, 1.379, 2.51, 1.0]"
