BB3_FIX:2.0GBL-GBS-GBX,1.5,0.75,  2.57,7374.0,208.0,70.9038461538,35.0,"[5.468, 26.895, 1.0]"
BB3_FIX:2.0GBL-GBS-GBX,2,1.0,  2.18,4149.0,128.0,64.828125,35.0,"[5.468, 26.895, 1.0]"
BB3_FIX:2.0GBL-GBS-GBX,2.5,1.25,  2.09,2546.0,74.0,68.8108108108,35.0,"[5.468, 26.895, 1.0]"
BB3_FIX:2.0US10Y-US5Y-ZB,2.5,1.25,  2.01,3818.0,54.0,141.407407407,31.0,"[1.079, 1.0, 2.364]"
BB3_FIX:2.0US10Y-US5Y-ZB,3,1.5,  2.28,3090.0,36.0,171.666666667,31.0,"[1.079, 1.0, 2.364]"
BB3_FIX:2.0US10Y-US5Y-ZB,3.5,1.75,  2.28,2505.0,22.0,227.727272727,31.0,"[1.079, 1.0, 2.364]"
BB3_FIX:2.0US10Y-US5Y-ZB,4,2.0,  2.35,2463.0,20.0,246.3,31.0,"[1.079, 1.0, 2.364]"
BB3_FIX:2.0US10Y-ZN-ZB,3.5,1.75,  2.21,1866.0,12.0,311.0,31.0,"[1.0, 5.618, 2.191]"
BB3_FIX:2.0US10Y-ZN-ZB,4,2.0,  2.11,1252.0,10.0,250.4,31.0,"[1.0, 5.618, 2.191]"
BB3_FIX:2.0US3Y-US2Y-ZF,3.5,1.75,  2.21,2186.0,18.0,242.888888889,51.0,"[1.256, 1.0, 3.619]"
BB3_FIX:2.0US3Y-US2Y-ZF,4,2.0,  2.32,2029.0,16.0,253.625,51.0,"[1.256, 1.0, 3.619]"
BB3_FIX:2.0US5Y-RED-GE18,4,2.0,  2.00,3063.0,14.0,437.571428571,38.0,"[1.0, 1.639, 8.091]"
BB3_FIX:2.0US5Y-RED-GOLD,4,2.0,  2.19,4755.0,14.0,679.285714286,38.0,"[1.0, 1.639, 2.044]"
BB3_FIX:2.0US5Y-US3Y-GOLD,3.5,1.75,  2.31,4330.0,26.0,333.076923077,38.0,"[1.179, 1.0, 2.409]"
BB3_FIX:2.0US5Y-US3Y-GOLD,4,2.0,  2.16,3766.0,10.0,753.2,38.0,"[1.179, 1.0, 2.409]"
BB3_FIX:2.0ZF-RED-GOLD,2.5,1.25,  2.18,5221.0,62.0,168.419354839,36.0,"[5.97, 1.0, 1.248]"
BB3_FIX:2.0ZF-RED-GOLD,3,1.5,  2.18,4812.0,38.0,253.263157895,36.0,"[5.97, 1.0, 1.248]"
BB3_FIX:2.0ZF-RED-GOLD,3.5,1.75,  2.15,4543.0,24.0,378.583333333,36.0,"[5.97, 1.0, 1.248]"
BB3_FIX:2.0ZF-RED-GOLD,4,2.0,  2.01,4099.0,14.0,585.571428571,36.0,"[5.97, 1.0, 1.248]"
BB3_FIX:2.0ZF-RED-GOLD,4,3.0,  2.01,4178.0,14.0,596.857142857,36.0,"[5.97, 1.0, 1.248]"
BB3_FIX:2.0ZN-US5Y-US10Y,3.5,1.75,  2.13,1748.0,12.0,291.333333333,28.0,"[22.472, 1.854, 1.0]"
BB3_FIX:2.0ZN-US5Y-US10Y,4,2.0,  2.29,1762.0,12.0,293.666666667,28.0,"[22.472, 1.854, 1.0]"
BB3_FIX:2.0ZN-ZT-ZB,2,1.0,  2.19,6263.0,175.0,71.5771428571,28.0,"[5.128, 5.079, 1.0]"
BB3_FIX:3.0US10Y-2.0ZN-ZB,4,2.0,  2.16,2960.0,16.0,370.0,46.0,"[1.0, 7.491, 1.461]"
BB3_FIX:3YR_BUNDLE-US3Y,3.5,1.75,  2.04,1681.0,18.0,186.777777778,33.0,You don't have YR_BUNDLE in the database
BB3_FIX:5YR_BUNDLE-US5Y,4,2.0,  2.38,2452.0,18.0,272.444444444,16.0,You don't have YR_BUNDLE in the database
BB3_FIX:5YR_BUNDLE-US7Y,2,1.0,  2.28,3734.0,150.0,49.7866666667,16.0,You don't have YR_BUNDLE in the database
BB3_FIX:5YR_BUNDLE-US7Y,2.5,1.25,  2.07,2368.0,70.0,67.6571428571,16.0,You don't have YR_BUNDLE in the database
BB3_FIX:BLUE-0.3ZF-0.7ZN,2.5,1.25,  2.17,2441.0,76.0,64.2368421053,16.0,"[1.253, 1.0, 1.446]"
BB3_FIX:BLUE-2.0ZN+ZB,1.5,0.75,  2.27,7360.0,316.0,46.582278481,16.0,"[1.556, 5.128, 1.0]"
BB3_FIX:BLUE-2.0ZN+ZB,2,1.0,  2.26,5494.0,212.0,51.8301886792,16.0,"[1.556, 5.128, 1.0]"
BB3_FIX:BLUE-TN,2.5,1.25,  2.47,2793.0,63.0,88.6666666667,25.0,"[1.0, 1.154]"
BB3_FIX:BLUE-TN,3,1.5,  2.01,1965.0,30.0,131.0,25.0,"[1.0, 1.154]"
BB3_FIX:BLUE-US10Y,1.5,0.75,  2.26,4639.0,203.0,45.7044334975,16.0,"[6.817, 1.0]"
BB3_FIX:BLUE-US10Y,2,1.0,  2.68,4363.0,159.0,54.8805031447,16.0,"[6.817, 1.0]"
BB3_FIX:BLUE-US10Y,3,1.5,  2.06,1617.0,50.0,64.68,16.0,"[6.817, 1.0]"
BB3_FIX:BLUE-US5Y,2,1.0,  2.05,3457.0,126.0,54.873015873,16.0,"[3.677, 1.0]"
BB3_FIX:BLUE-US5Y,2.5,1.25,  2.23,3074.0,82.0,74.9756097561,16.0,"[3.677, 1.0]"
BB3_FIX:BLUE-US5Y,3,1.5,  2.25,2830.0,58.0,97.5862068966,16.0,"[3.677, 1.0]"
BB3_FIX:BLUE-US5Y,3.5,1.75,  2.21,2525.0,32.0,157.8125,16.0,"[3.677, 1.0]"
BB3_FIX:BLUE-US5Y,4,3.0,  2.07,2337.0,18.0,259.666666667,16.0,"[3.677, 1.0]"
BB3_FIX:BLUE-US7Y-GOLD+US10Y,3,1.5,  2.08,1648.0,36.0,91.5555555556,16.0,"[6.817, 1.326, 7.58, 1.0]"
BB3_FIX:BLUE-US7Y,1.5,0.75,  2.26,5214.0,184.0,56.6739130435,16.0,"[5.141, 1.0]"
BB3_FIX:BLUE-US7Y,2,1.0,  2.35,3897.0,146.0,53.3835616438,16.0,"[5.141, 1.0]"
BB3_FIX:BLUE-US7Y,2.5,1.25,  2.19,2849.0,86.0,66.2558139535,16.0,"[5.141, 1.0]"
BB3_FIX:BLUE-US7Y,3,1.5,  2.06,2187.0,44.0,99.4090909091,16.0,"[5.141, 1.0]"
BB3_FIX:BLUE-US7Y,3.5,1.75,  2.07,1997.0,26.0,153.615384615,16.0,"[5.141, 1.0]"
BB3_FIX:BLUE-US7Y,3.5,2.625,  2.03,2112.0,26.0,162.461538462,16.0,"[5.141, 1.0]"
BB3_FIX:BLUE-US7Y,4,2.0,  2.10,1930.0,18.0,214.444444444,16.0,"[5.141, 1.0]"
BB3_FIX:BLUE-US7Y,4,3.0,  2.15,2044.0,18.0,227.111111111,16.0,"[5.141, 1.0]"
BB3_FIX:BLUE-ZB,1.5,0.75,  2.04,4371.0,251.0,34.828685259,16.0,"[1.556, 1.0]"
BB3_FIX:BLUE-ZB,2,1.0,  2.00,3508.0,189.0,37.1216931217,16.0,"[1.556, 1.0]"
BB3_FIX:BLUE-ZB,2.5,1.25,  2.36,2833.0,123.0,46.0650406504,16.0,"[1.556, 1.0]"
BB3_FIX:BLUE-ZF-1.5GOLD+1.5ZN,2,1.0,  2.57,6159.0,204.0,60.3823529412,16.0,"[1.0, 2.66, 1.668, 2.472]"
BB3_FIX:BLUE-ZF-1.5GOLD+1.5ZN,2.5,1.25,  2.40,3415.0,102.0,66.9607843137,16.0,"[1.0, 2.66, 1.668, 2.472]"
BB3_FIX:BLUE-ZF-PURPLE+UB,1,0.5,  2.46,7013.0,277.0,50.6353790614,16.0,"[2.307, 6.137, 2.789, 1.0]"
BB3_FIX:BLUE-ZF-PURPLE+UB,1.5,0.75,  2.67,6659.0,231.0,57.6536796537,16.0,"[2.307, 6.137, 2.789, 1.0]"
BB3_FIX:BLUE-ZF-PURPLE+UB,2,1.0,  2.21,4233.0,172.0,49.2209302326,16.0,"[2.307, 6.137, 2.789, 1.0]"
BB3_FIX:BLUE-ZF-PURPLE+UB,2.5,1.25,  2.59,3919.0,124.0,63.2096774194,16.0,"[2.307, 6.137, 2.789, 1.0]"
BB3_FIX:BLUE-ZF-PURPLE+ZB,1,0.5,  3.21,9335.0,295.0,63.2881355932,16.0,"[1.556, 4.138, 1.881, 1.0]"
BB3_FIX:BLUE-ZF-PURPLE+ZB,1,0.75,  2.27,7421.0,175.0,84.8114285714,16.0,"[1.556, 4.138, 1.881, 1.0]"
BB3_FIX:BLUE-ZF-PURPLE+ZB,1.5,0.75,  3.93,9337.0,271.0,68.9077490775,16.0,"[1.556, 4.138, 1.881, 1.0]"
BB3_FIX:BLUE-ZF-PURPLE+ZB,1.5,1.125,  2.24,6600.0,147.0,89.7959183673,16.0,"[1.556, 4.138, 1.881, 1.0]"
BB3_FIX:BLUE-ZF-PURPLE+ZB,2,1.0,  4.09,7611.0,198.0,76.8787878788,16.0,"[1.556, 4.138, 1.881, 1.0]"
BB3_FIX:BLUE-ZF-PURPLE+ZB,2,1.5,  2.52,6247.0,128.0,97.609375,16.0,"[1.556, 4.138, 1.881, 1.0]"
BB3_FIX:BLUE-ZF-PURPLE+ZB,2.5,1.25,  3.18,4729.0,126.0,75.0634920635,16.0,"[1.556, 4.138, 1.881, 1.0]"
BB3_FIX:BLUE-ZF-PURPLE+ZB,3,1.5,  2.86,3396.0,84.0,80.8571428571,16.0,"[1.556, 4.138, 1.881, 1.0]"
BB3_FIX:BLUE-ZF-PURPLE+ZB,3.5,1.75,  2.03,1841.0,58.0,63.4827586207,16.0,"[1.556, 4.138, 1.881, 1.0]"
BB3_FIX:BLUE-ZF-PURPLE+ZB,4,2.0,  2.08,1583.0,44.0,71.9545454545,16.0,"[1.556, 4.138, 1.881, 1.0]"
BB3_FIX:BLUE-ZF-PURPLE+ZN,1,0.5,  2.64,7769.0,229.0,67.8515283843,16.0,"[1.0, 2.66, 1.209, 1.648]"
BB3_FIX:BLUE-ZF-PURPLE+ZN,1.5,0.75,  3.19,7639.0,218.0,70.0825688073,16.0,"[1.0, 2.66, 1.209, 1.648]"
BB3_FIX:BLUE-ZF-PURPLE+ZN,2,1.0,  3.79,7142.0,186.0,76.7956989247,16.0,"[1.0, 2.66, 1.209, 1.648]"
BB3_FIX:BLUE-ZF-PURPLE+ZN,2.5,1.25,  3.23,4811.0,112.0,85.9107142857,16.0,"[1.0, 2.66, 1.209, 1.648]"
BB3_FIX:BLUE-ZF-PURPLE+ZN,2.5,1.875,  2.04,4312.0,84.0,102.666666667,16.0,"[1.0, 2.66, 1.209, 1.648]"
BB3_FIX:BLUE-ZF-PURPLE+ZN,3,1.5,  3.10,4000.0,74.0,108.108108108,16.0,"[1.0, 2.66, 1.209, 1.648]"
BB3_FIX:BLUE-ZF-PURPLE+ZN,3,2.25,  2.22,3924.0,70.0,112.114285714,16.0,"[1.0, 2.66, 1.209, 1.648]"
BB3_FIX:BLUE-ZF-PURPLE+ZN,3.5,1.75,  3.30,3760.0,56.0,134.285714286,16.0,"[1.0, 2.66, 1.209, 1.648]"
BB3_FIX:BLUE-ZF-PURPLE+ZN,3.5,2.625,  2.48,3423.0,50.0,136.92,16.0,"[1.0, 2.66, 1.209, 1.648]"
BB3_FIX:BLUE-ZF-PURPLE+ZN,4,2.0,  3.01,3203.0,44.0,145.590909091,16.0,"[1.0, 2.66, 1.209, 1.648]"
BB3_FIX:BLUE-ZF-PURPLE+ZN,4,3.0,  2.42,2933.0,40.0,146.65,16.0,"[1.0, 2.66, 1.209, 1.648]"
BB3_FIX:BLUE-ZN-GOLD+US10Y,2.5,1.25,  2.05,2236.0,74.0,60.4324324324,16.0,"[6.817, 11.236, 7.58, 1.0]"
BB3_FIX:BLUE-ZN-GOLD+US10Y,3,1.5,  2.17,1295.0,34.0,76.1764705882,16.0,"[6.817, 11.236, 7.58, 1.0]"
BB3_FIX:BLUE-ZN-GOLD+US10Y,4,2.0,  2.24,777.0,12.0,129.5,16.0,"[6.817, 11.236, 7.58, 1.0]"
BB3_FIX:BLUE-ZN-GOLD+ZB,1.5,0.75,  2.00,5479.0,261.0,41.9846743295,16.0,"[1.556, 2.564, 1.73, 1.0]"
BB3_FIX:BLUE-ZN-GOLD+ZB,2,1.0,  2.45,4323.0,198.0,43.6666666667,16.0,"[1.556, 2.564, 1.73, 1.0]"
BB3_FIX:BLUE-ZN-PURPLE+UB,1,0.5,  2.31,6566.0,257.0,51.0972762646,16.0,"[2.307, 3.802, 2.789, 1.0]"
BB3_FIX:BLUE-ZN-PURPLE+UB,1.5,0.75,  2.64,6434.0,239.0,53.8410041841,16.0,"[2.307, 3.802, 2.789, 1.0]"
BB3_FIX:BLUE-ZN-PURPLE+UB,2,1.0,  2.45,4900.0,168.0,58.3333333333,16.0,"[2.307, 3.802, 2.789, 1.0]"
BB3_FIX:BLUE-ZN-PURPLE+UB,2.5,1.25,  2.22,3705.0,108.0,68.6111111111,16.0,"[2.307, 3.802, 2.789, 1.0]"
BB3_FIX:BLUE-ZN-PURPLE+UB,3,1.5,  2.18,3028.0,80.0,75.7,16.0,"[2.307, 3.802, 2.789, 1.0]"
BB3_FIX:BLUE-ZN-PURPLE+ZB,1,0.5,  3.11,9191.0,279.0,65.8853046595,16.0,"[1.556, 2.564, 1.881, 1.0]"
BB3_FIX:BLUE-ZN-PURPLE+ZB,1,0.75,  2.30,7524.0,181.0,83.138121547,16.0,"[1.556, 2.564, 1.881, 1.0]"
BB3_FIX:BLUE-ZN-PURPLE+ZB,1.5,0.75,  3.22,7651.0,240.0,63.7583333333,16.0,"[1.556, 2.564, 1.881, 1.0]"
BB3_FIX:BLUE-ZN-PURPLE+ZB,1.5,1.125,  2.23,6707.0,146.0,91.8767123288,16.0,"[1.556, 2.564, 1.881, 1.0]"
BB3_FIX:BLUE-ZN-PURPLE+ZB,2,1.0,  3.15,6080.0,180.0,67.5555555556,16.0,"[1.556, 2.564, 1.881, 1.0]"
BB3_FIX:BLUE-ZN-PURPLE+ZB,2.5,1.25,  3.05,4704.0,112.0,84.0,16.0,"[1.556, 2.564, 1.881, 1.0]"
BB3_FIX:BLUE-ZN-PURPLE+ZB,3,1.5,  2.99,3751.0,70.0,107.171428571,16.0,"[1.556, 2.564, 1.881, 1.0]"
BB3_FIX:BLUE-ZN-PURPLE+ZB,3,2.25,  2.01,3269.0,58.0,112.724137931,16.0,"[1.556, 2.564, 1.881, 1.0]"
BB3_FIX:BLUE-ZN-PURPLE+ZB,3.5,1.75,  3.14,3527.0,54.0,130.62962963,16.0,"[1.556, 2.564, 1.881, 1.0]"
BB3_FIX:BLUE-ZN-PURPLE+ZB,3.5,2.625,  2.41,3449.0,52.0,132.653846154,16.0,"[1.556, 2.564, 1.881, 1.0]"
BB3_FIX:BLUE-ZN-PURPLE+ZB,4,2.0,  2.09,2206.0,38.0,116.105263158,16.0,"[1.556, 2.564, 1.881, 1.0]"
BB3_FIX:BLUE-ZN,2.5,1.25,  2.13,2579.0,58.0,88.9310344828,25.0,"[1.0, 1.648]"
BB3_FIX:G-R,2,1.0,  2.29,7823.0,112.0,139.696428571,40.0,You don't have G in the database
BB3_FIX:GBL-GBS,1.5,0.75,  2.77,6894.0,302.0,45.6556291391,20.0,"[1.0, 9.838]"
BB3_FIX:GBL-GBS,2,1.0,  2.78,5082.0,194.0,52.3917525773,20.0,"[1.0, 9.838]"
BB3_FIX:GBL-GBS,2.5,1.25,  2.45,3023.0,106.0,57.0377358491,20.0,"[1.0, 9.838]"
BB3_FIX:GBM-GBS,1,0.5,  2.85,9089.0,378.0,48.0899470899,16.0,"[1.0, 4.095]"
BB3_FIX:GBM-GBS,1.5,0.75,  3.17,7818.0,340.0,45.9882352941,16.0,"[1.0, 4.095]"
BB3_FIX:GBM-GBS,2,1.0,  3.20,5629.0,220.0,51.1727272727,16.0,"[1.0, 4.095]"
BB3_FIX:GBM-GBS,2.5,1.25,  2.58,3149.0,118.0,53.3728813559,16.0,"[1.0, 4.095]"
BB3_FIX:GBS-BTS,4,2.0,  2.62,1804.0,18.0,200.444444444,46.0,"[7.847, 1.0]"
BB3_FIX:GBS-BTS,4,3.0,  2.19,2110.0,18.0,234.444444444,46.0,"[7.847, 1.0]"
BB3_FIX:GBS-GBL,1.5,0.75,  2.57,6428.0,270.0,47.6148148148,23.0,"[9.838, 1.0]"
BB3_FIX:GBS-GBL,2,1.0,  2.79,5050.0,180.0,56.1111111111,23.0,"[9.838, 1.0]"
BB3_FIX:GE10-2.0ZN+ZB,2,1.0,  2.35,6058.0,190.0,63.7684210526,23.0,"[5.359, 5.128, 1.0]"
BB3_FIX:GE10-ZF-GE19+ZB,2,1.0,  2.30,5930.0,203.0,58.4236453202,23.0,"[5.359, 4.138, 7.0, 1.0]"
BB3_FIX:GE10-ZN-GE18+ZB,2,1.0,  2.39,6555.0,205.0,63.9512195122,23.0,"[5.359, 2.564, 6.846, 1.0]"
BB3_FIX:GE10-ZN-GE18+ZB,2.5,1.25,  2.15,3912.0,120.0,65.2,23.0,"[5.359, 2.564, 6.846, 1.0]"
BB3_FIX:GE11-2.0ZN+ZB,2,1.0,  2.24,5799.0,182.0,63.7252747253,23.0,"[5.513, 5.128, 1.0]"
BB3_FIX:GE11-2.0ZN+ZB,2.5,1.25,  2.04,2950.0,82.0,71.9512195122,23.0,"[5.513, 5.128, 1.0]"
BB3_FIX:GE11-L11,1,0.5,  2.32,9526.0,343.0,55.5451895044,23.0,You don't have L11 in the database
BB3_FIX:GE11-L11,1.5,0.75,  2.57,8569.0,268.0,63.947761194,23.0,You don't have L11 in the database
BB3_FIX:GE11-L11,2,1.0,  2.45,6178.0,164.0,75.3414634146,23.0,You don't have L11 in the database
BB3_FIX:GE11-ZF-GE23+UB,1.5,0.75,  2.55,9969.0,317.0,62.8958990536,25.0,"[8.175, 6.137, 11.293, 1.0]"
BB3_FIX:GE11-ZF-GE23+UB,2,1.0,  2.93,8223.0,231.0,71.1948051948,25.0,"[8.175, 6.137, 11.293, 1.0]"
BB3_FIX:GE11-ZF-GE23+UB,2.5,1.25,  2.12,3878.0,112.0,69.25,25.0,"[8.175, 6.137, 11.293, 1.0]"
BB3_FIX:GE12-L12,1,0.5,  2.07,8484.0,308.0,55.0909090909,23.0,You don't have L12 in the database
BB3_FIX:GE12-L12,1.5,0.75,  2.50,8230.0,260.0,63.3076923077,23.0,You don't have L12 in the database
BB3_FIX:GE12-L12,2,1.0,  2.38,5944.0,172.0,69.1162790698,23.0,You don't have L12 in the database
BB3_FIX:GE12-L12,3.5,1.75,  2.02,1780.0,32.0,111.25,23.0,You don't have L12 in the database
BB3_FIX:GE12-L12,4,2.0,  2.02,1224.0,18.0,136.0,23.0,You don't have L12 in the database
BB3_FIX:GE12-ZF-GE20+ZB,2,1.0,  2.19,5667.0,192.0,59.03125,23.0,"[5.718, 4.138, 7.154, 1.0]"
BB3_FIX:GE12-ZF-GE24+UB,1.5,0.75,  3.21,12459.0,391.0,63.7289002558,23.0,"[8.479, 6.137, 11.445, 1.0]"
BB3_FIX:GE12-ZF-GE24+UB,2,1.0,  2.98,8375.0,244.0,68.6475409836,23.0,"[8.479, 6.137, 11.445, 1.0]"
BB3_FIX:GE12-ZF-GE24+UB,2.5,1.25,  2.16,4067.0,120.0,67.7833333333,23.0,"[8.479, 6.137, 11.445, 1.0]"
BB3_FIX:GE13-2.0ZN+ZB,2,1.0,  2.07,5580.0,182.0,61.3186813187,23.0,"[5.923, 5.128, 1.0]"
BB3_FIX:GE13-L13,1,0.5,  2.47,10076.0,328.0,61.4390243902,23.0,You don't have L13 in the database
BB3_FIX:GE13-L13,1.5,0.75,  2.24,7425.0,244.0,60.8606557377,23.0,You don't have L13 in the database
BB3_FIX:GE13-L13,2,1.0,  2.63,6432.0,168.0,76.5714285714,23.0,You don't have L13 in the database
BB3_FIX:GE13-L13,2.5,1.25,  2.33,4390.0,98.0,89.5918367347,23.0,You don't have L13 in the database
BB3_FIX:GE13-L13,3.5,1.75,  2.00,1959.0,38.0,103.105263158,23.0,You don't have L13 in the database
BB3_FIX:GE13-US7Y,2.5,1.25,  2.10,2739.0,84.0,65.2142857143,23.0,"[19.576, 1.0]"
BB3_FIX:GE14-L14,1,0.5,  2.18,8802.0,294.0,59.8775510204,26.0,You don't have L14 in the database
BB3_FIX:GE14-L14,1.5,0.75,  2.26,7184.0,236.0,60.8813559322,26.0,You don't have L14 in the database
BB3_FIX:GE14-L14,2,1.0,  2.11,4963.0,140.0,70.9,26.0,You don't have L14 in the database
BB3_FIX:GE14-L14,3.5,1.75,  2.35,2130.0,32.0,133.125,26.0,You don't have L14 in the database
BB3_FIX:GE15-L15,1,0.5,  2.09,8614.0,286.0,60.2377622378,26.0,You don't have L15 in the database
BB3_FIX:GE15-L15,2,1.0,  2.05,4924.0,140.0,70.3428571429,26.0,You don't have L15 in the database
BB3_FIX:GE15-L15,2.5,1.25,  2.54,4520.0,96.0,94.1666666667,26.0,You don't have L15 in the database
BB3_FIX:GE15-L15,3,1.5,  2.22,2966.0,60.0,98.8666666667,26.0,You don't have L15 in the database
BB3_FIX:GE15-L15,3.5,1.75,  2.77,2304.0,32.0,144.0,26.0,You don't have L15 in the database
BB3_FIX:GE15-L15,3.5,2.625,  2.28,2805.0,32.0,175.3125,26.0,You don't have L15 in the database
BB3_FIX:GE16-L16,1,0.5,  2.22,9484.0,274.0,69.2262773723,28.0,You don't have L16 in the database
BB3_FIX:GE16-L16,1.5,0.75,  2.30,7708.0,216.0,71.3703703704,28.0,You don't have L16 in the database
BB3_FIX:GE16-L16,2,1.0,  2.19,5449.0,138.0,78.9710144928,28.0,You don't have L16 in the database
BB3_FIX:GE16-L16,2.5,1.25,  2.35,3997.0,84.0,95.1666666667,28.0,You don't have L16 in the database
BB3_FIX:GE16-L16,3.5,1.75,  2.02,1899.0,30.0,126.6,28.0,You don't have L16 in the database
BB3_FIX:GE2-US2Y,2,1.0,  2.09,6593.0,157.0,83.9872611465,31.0,"[7.848, 1.0]"
BB3_FIX:GE24-US30Y,1.5,0.75,  2.24,7171.0,201.0,71.3532338308,31.0,"[81.351, 1.0]"
BB3_FIX:GE24-US30Y,2,1.0,  2.13,4783.0,141.0,67.8439716312,31.0,"[81.351, 1.0]"
BB3_FIX:GE4-ZT-PURPLE+ZB,1,0.5,  2.19,10657.0,135.0,157.881481481,46.0,"[6.718, 5.079, 1.881, 1.0]"
BB3_FIX:GE4-ZT-PURPLE+ZB,1,0.75,  2.11,10879.0,121.0,179.818181818,46.0,"[6.718, 5.079, 1.881, 1.0]"
BB3_FIX:GE4-ZT-PURPLE+ZB,1,1,  2.11,10879.0,121.0,179.818181818,46.0,"[6.718, 5.079, 1.881, 1.0]"
BB3_FIX:GE4-ZT-PURPLE+ZB,2,1.0,  2.37,7587.0,86.0,176.441860465,46.0,"[6.718, 5.079, 1.881, 1.0]"
BB3_FIX:GE4-ZT-PURPLE+ZB,2.5,1.25,  2.13,5096.0,68.0,149.882352941,46.0,"[6.718, 5.079, 1.881, 1.0]"
BB3_FIX:GE4-ZT-PURPLE+ZB,3,1.5,  2.28,4499.0,48.0,187.458333333,46.0,"[6.718, 5.079, 1.881, 1.0]"
BB3_FIX:GE5-ZT-PURPLE+ZB,1,0.75,  2.09,10500.0,123.0,170.731707317,41.0,"[6.103, 5.079, 1.881, 1.0]"
BB3_FIX:GE5-ZT-PURPLE+ZB,1,1,  2.04,10302.0,121.0,170.280991736,41.0,"[6.103, 5.079, 1.881, 1.0]"
BB3_FIX:GE5-ZT-PURPLE+ZB,1.5,0.75,  2.50,10235.0,129.0,158.682170543,41.0,"[6.103, 5.079, 1.881, 1.0]"
BB3_FIX:GE5-ZT-PURPLE+ZB,2,1.0,  2.71,8824.0,110.0,160.436363636,41.0,"[6.103, 5.079, 1.881, 1.0]"
BB3_FIX:GE5-ZT-PURPLE+ZB,2.5,1.25,  2.70,6484.0,78.0,166.256410256,41.0,"[6.103, 5.079, 1.881, 1.0]"
BB3_FIX:GE5-ZT-PURPLE+ZB,2.5,1.875,  2.08,8023.0,62.0,258.806451613,41.0,"[6.103, 5.079, 1.881, 1.0]"
BB3_FIX:GE5-ZT-PURPLE+ZB,3,1.5,  2.15,4494.0,52.0,172.846153846,41.0,"[6.103, 5.079, 1.881, 1.0]"
BB3_FIX:GE5-ZT-PURPLE+ZB,3.5,1.75,  2.07,4102.0,40.0,205.1,41.0,"[6.103, 5.079, 1.881, 1.0]"
BB3_FIX:GOLD-0.5ZN-0.5ZB,1.5,0.75,  2.39,5124.0,197.0,52.0203045685,16.0,"[3.459, 2.564, 1.0]"
BB3_FIX:GOLD-0.5ZN-0.5ZB,2,1.0,  2.65,4591.0,156.0,58.858974359,16.0,"[3.459, 2.564, 1.0]"
BB3_FIX:GOLD-0.5ZN-0.5ZB,2.5,1.25,  2.17,2896.0,84.0,68.9523809524,16.0,"[3.459, 2.564, 1.0]"
BB3_FIX:GOLD-0.5ZN-0.5ZB,3,1.5,  2.01,2426.0,46.0,105.47826087,16.0,"[3.459, 2.564, 1.0]"
BB3_FIX:GOLD-2.0ZB+UB,1,0.5,  2.15,8547.0,317.0,53.9242902208,16.0,"[2.565, 2.966, 1.0]"
BB3_FIX:GOLD-2.0ZB+UB,1.5,0.75,  2.79,8559.0,318.0,53.8301886792,16.0,"[2.565, 2.966, 1.0]"
BB3_FIX:GOLD-2.0ZB+UB,2,1.0,  2.85,6751.0,212.0,63.6886792453,16.0,"[2.565, 2.966, 1.0]"
BB3_FIX:GOLD-2.0ZB+UB,2.5,1.25,  2.20,3996.0,114.0,70.1052631579,16.0,"[2.565, 2.966, 1.0]"
BB3_FIX:GOLD-2.0ZB+UB,3,1.5,  2.19,3136.0,64.0,98.0,16.0,"[2.565, 2.966, 1.0]"
BB3_FIX:GOLD-TN,1.5,0.75,  2.10,4745.0,177.0,53.615819209,16.0,"[1.0, 1.038]"
BB3_FIX:GOLD-TN,2,1.0,  2.35,4207.0,145.0,58.0275862069,16.0,"[1.0, 1.038]"
BB3_FIX:GOLD-TN,2.5,1.25,  2.36,3391.0,102.0,66.4901960784,16.0,"[1.0, 1.038]"
BB3_FIX:GOLD-UB,2.5,1.25,  2.05,3228.0,125.0,51.648,16.0,"[2.565, 1.0]"
BB3_FIX:GOLD-UB,2.5,1.875,  2.06,3917.0,115.0,68.1217391304,16.0,"[2.565, 1.0]"
BB3_FIX:GOLD-UB,3,2.25,  2.02,3169.0,64.0,99.03125,16.0,"[2.565, 1.0]"
BB3_FIX:GOLD-US10Y-PURPLE+UB,1.5,0.75,  2.09,4771.0,213.0,44.7981220657,16.0,"[7.58, 1.0, 8.241, 2.955]"
BB3_FIX:GOLD-US10Y-PURPLE+UB,2,1.0,  2.06,3748.0,161.0,46.5590062112,16.0,"[7.58, 1.0, 8.241, 2.955]"
BB3_FIX:GOLD-US10Y-PURPLE+UB,3,1.5,  2.32,2628.0,72.0,73.0,16.0,"[7.58, 1.0, 8.241, 2.955]"
BB3_FIX:GOLD-US10Y-PURPLE+UB,3.5,1.75,  2.31,1990.0,48.0,82.9166666667,16.0,"[7.58, 1.0, 8.241, 2.955]"
BB3_FIX:GOLD-US10Y-PURPLE+ZB,1,0.5,  2.67,7778.0,219.0,71.0319634703,16.0,"[7.58, 1.0, 8.241, 4.382]"
BB3_FIX:GOLD-US10Y-PURPLE+ZB,1,0.75,  2.11,6512.0,161.0,80.8944099379,16.0,"[7.58, 1.0, 8.241, 4.382]"
BB3_FIX:GOLD-US10Y-PURPLE+ZB,1.5,0.75,  3.14,7494.0,211.0,71.0331753555,16.0,"[7.58, 1.0, 8.241, 4.382]"
BB3_FIX:GOLD-US10Y-PURPLE+ZB,1.5,1.125,  2.08,6116.0,125.0,97.856,16.0,"[7.58, 1.0, 8.241, 4.382]"
BB3_FIX:GOLD-US10Y-PURPLE+ZB,2,1.0,  3.81,6725.0,175.0,76.8571428571,16.0,"[7.58, 1.0, 8.241, 4.382]"
BB3_FIX:GOLD-US10Y-PURPLE+ZB,2,1.5,  2.23,6045.0,105.0,115.142857143,16.0,"[7.58, 1.0, 8.241, 4.382]"
BB3_FIX:GOLD-US10Y-PURPLE+ZB,2.5,1.25,  3.81,5056.0,108.0,93.6296296296,16.0,"[7.58, 1.0, 8.241, 4.382]"
BB3_FIX:GOLD-US10Y-PURPLE+ZB,3,1.5,  3.68,4136.0,72.0,114.888888889,16.0,"[7.58, 1.0, 8.241, 4.382]"
BB3_FIX:GOLD-US10Y-PURPLE+ZB,3,2.25,  2.14,3298.0,58.0,113.724137931,16.0,"[7.58, 1.0, 8.241, 4.382]"
BB3_FIX:GOLD-US10Y-PURPLE+ZB,3.5,1.75,  3.46,3611.0,56.0,128.964285714,16.0,"[7.58, 1.0, 8.241, 4.382]"
BB3_FIX:GOLD-US10Y-PURPLE+ZB,3.5,2.625,  2.64,3341.0,52.0,128.5,16.0,"[7.58, 1.0, 8.241, 4.382]"
BB3_FIX:GOLD-US10Y-PURPLE+ZB,4,2.0,  3.22,2555.0,44.0,116.136363636,16.0,"[7.58, 1.0, 8.241, 4.382]"
BB3_FIX:GOLD-US10Y-PURPLE+ZB,4,3.0,  2.27,2493.0,44.0,113.318181818,16.0,"[7.58, 1.0, 8.241, 4.382]"
BB3_FIX:GOLD-US10Y,1.5,0.75,  2.18,4947.0,185.0,53.4810810811,16.0,"[7.58, 1.0]"
BB3_FIX:GOLD-US10Y,2,1.0,  2.75,4950.0,160.0,61.875,16.0,"[7.58, 1.0]"
BB3_FIX:GOLD-US10Y,2.5,1.25,  2.33,3543.0,86.0,82.3953488372,16.0,"[7.58, 1.0]"
BB3_FIX:GOLD-US10Y,3,1.5,  2.25,3096.0,48.0,129.0,16.0,"[7.58, 1.0]"
BB3_FIX:GOLD-US10Y,3,2.25,  2.04,3245.0,46.0,141.086956522,16.0,"[7.58, 1.0]"
BB3_FIX:GOLD-US7Y,2,1.0,  2.38,4656.0,152.0,61.2631578947,16.0,"[5.717, 1.0]"
BB3_FIX:GOLD-US7Y,2.5,1.25,  2.27,3452.0,90.0,76.7111111111,16.0,"[5.717, 1.0]"
BB3_FIX:GOLD-ZB-PURPLE+UB,1.5,0.75,  2.14,5081.0,189.0,53.7671957672,16.0,"[2.565, 1.483, 2.789, 1.0]"
BB3_FIX:GOLD-ZB-PURPLE+UB,2,1.0,  2.37,4310.0,144.0,59.8611111111,16.0,"[2.565, 1.483, 2.789, 1.0]"
BB3_FIX:GOLD-ZB-PURPLE+UB,2.5,1.25,  2.78,3980.0,116.0,68.6206896552,16.0,"[2.565, 1.483, 2.789, 1.0]"
BB3_FIX:GOLD-ZB-PURPLE+UB,3,1.5,  2.62,3229.0,80.0,80.725,16.0,"[2.565, 1.483, 2.789, 1.0]"
BB3_FIX:GOLD-ZB-PURPLE+UB,3.5,1.75,  2.88,2875.0,62.0,92.7419354839,16.0,"[2.565, 1.483, 2.789, 1.0]"
BB3_FIX:GOLD-ZB-PURPLE+UB,4,2.0,  2.44,2151.0,48.0,89.625,16.0,"[2.565, 1.483, 2.789, 1.0]"
BB3_FIX:GOLD-ZB,2,1.0,  2.23,4194.0,125.0,67.104,25.0,"[1.73, 1.0]"
BB3_FIX:GOLD-ZF-PURPLE+UB,1,0.5,  2.26,6359.0,295.0,43.1118644068,16.0,"[2.565, 6.137, 2.789, 1.0]"
BB3_FIX:GOLD-ZF-PURPLE+ZB,1,0.5,  2.77,7724.0,289.0,53.4532871972,16.0,"[1.73, 4.138, 1.881, 1.0]"
BB3_FIX:GOLD-ZF-PURPLE+ZB,1.5,0.75,  3.01,6876.0,239.0,57.539748954,16.0,"[1.73, 4.138, 1.881, 1.0]"
BB3_FIX:GOLD-ZF-PURPLE+ZB,2,1.0,  2.67,4854.0,168.0,57.7857142857,16.0,"[1.73, 4.138, 1.881, 1.0]"
BB3_FIX:GOLD-ZF-PURPLE+ZB,2,1.5,  2.18,5076.0,132.0,76.9090909091,16.0,"[1.73, 4.138, 1.881, 1.0]"
BB3_FIX:GOLD-ZF-PURPLE+ZB,2.5,1.25,  2.39,3640.0,126.0,57.7777777778,16.0,"[1.73, 4.138, 1.881, 1.0]"
BB3_FIX:GOLD-ZF-PURPLE+ZB,2.5,1.875,  2.09,4086.0,102.0,80.1176470588,16.0,"[1.73, 4.138, 1.881, 1.0]"
BB3_FIX:GOLD-ZF-PURPLE+ZB,3,1.5,  2.53,3133.0,98.0,63.9387755102,16.0,"[1.73, 4.138, 1.881, 1.0]"
BB3_FIX:GOLD-ZF-PURPLE+ZB,3,2.25,  2.06,3396.0,90.0,75.4666666667,16.0,"[1.73, 4.138, 1.881, 1.0]"
BB3_FIX:GOLD-ZF-PURPLE+ZN,1,0.5,  2.94,8740.0,217.0,80.5529953917,16.0,"[1.0, 2.393, 1.087, 1.482]"
BB3_FIX:GOLD-ZF-PURPLE+ZN,1,0.75,  2.44,7646.0,183.0,83.5628415301,16.0,"[1.0, 2.393, 1.087, 1.482]"
BB3_FIX:GOLD-ZF-PURPLE+ZN,1,1,  2.34,7342.0,177.0,82.9604519774,16.0,"[1.0, 2.393, 1.087, 1.482]"
BB3_FIX:GOLD-ZF-PURPLE+ZN,1.5,0.75,  3.17,7915.0,202.0,78.3663366337,16.0,"[1.0, 2.393, 1.087, 1.482]"
BB3_FIX:GOLD-ZF-PURPLE+ZN,1.5,1.125,  2.07,6304.0,123.0,102.504065041,16.0,"[1.0, 2.393, 1.087, 1.482]"
BB3_FIX:GOLD-ZF-PURPLE+ZN,2,1.0,  4.24,7401.0,180.0,82.2333333333,16.0,"[1.0, 2.393, 1.087, 1.482]"
BB3_FIX:GOLD-ZF-PURPLE+ZN,2.5,1.25,  3.82,5365.0,130.0,82.5384615385,16.0,"[1.0, 2.393, 1.087, 1.482]"
BB3_FIX:GOLD-ZF-PURPLE+ZN,3,1.5,  3.94,4235.0,92.0,92.0652173913,16.0,"[1.0, 2.393, 1.087, 1.482]"
BB3_FIX:GOLD-ZF-PURPLE+ZN,3,2.25,  2.81,4770.0,80.0,119.25,16.0,"[1.0, 2.393, 1.087, 1.482]"
BB3_FIX:GOLD-ZF-PURPLE+ZN,3.5,1.75,  3.17,3062.0,56.0,109.357142857,16.0,"[1.0, 2.393, 1.087, 1.482]"
BB3_FIX:GOLD-ZF-PURPLE+ZN,3.5,2.625,  2.25,3183.0,52.0,122.423076923,16.0,"[1.0, 2.393, 1.087, 1.482]"
BB3_FIX:GOLD-ZF-PURPLE+ZN,4,2.0,  3.05,2732.0,44.0,124.181818182,16.0,"[1.0, 2.393, 1.087, 1.482]"
BB3_FIX:GOLD-ZF-PURPLE+ZN,4,3.0,  2.25,2620.0,40.0,131.0,16.0,"[1.0, 2.393, 1.087, 1.482]"
BB3_FIX:GOLD-ZN-PURPLE+UB,1,0.5,  2.14,5880.0,247.0,47.6113360324,16.0,"[2.565, 3.802, 2.789, 1.0]"
BB3_FIX:GOLD-ZN-PURPLE+UB,1.5,0.75,  2.37,5612.0,221.0,50.7873303167,16.0,"[2.565, 3.802, 2.789, 1.0]"
BB3_FIX:GOLD-ZN-PURPLE+UB,2,1.0,  2.24,4136.0,166.0,49.8313253012,16.0,"[2.565, 3.802, 2.789, 1.0]"
BB3_FIX:GOLD-ZN-PURPLE+ZB,1,0.5,  3.01,8629.0,275.0,62.7563636364,16.0,"[1.73, 2.564, 1.881, 1.0]"
BB3_FIX:GOLD-ZN-PURPLE+ZB,1,0.75,  2.12,6744.0,177.0,76.2033898305,16.0,"[1.73, 2.564, 1.881, 1.0]"
BB3_FIX:GOLD-ZN-PURPLE+ZB,1.5,0.75,  3.26,7546.0,233.0,64.7725321888,16.0,"[1.73, 2.564, 1.881, 1.0]"
BB3_FIX:GOLD-ZN-PURPLE+ZB,2,1.0,  2.91,5201.0,168.0,61.9166666667,16.0,"[1.73, 2.564, 1.881, 1.0]"
BB3_FIX:GOLD-ZN-PURPLE+ZB,2.5,1.25,  2.53,3684.0,112.0,65.7857142857,16.0,"[1.73, 2.564, 1.881, 1.0]"
BB3_FIX:GOLD-ZN-PURPLE+ZB,3.5,1.75,  2.21,2276.0,64.0,71.125,16.0,"[1.73, 2.564, 1.881, 1.0]"
BB3_FIX:GOLD-ZN-PURPLE+ZB,4,2.0,  2.32,1851.0,46.0,80.4782608696,16.0,"[1.73, 2.564, 1.881, 1.0]"
BB3_FIX:GOLD-ZN,2.5,1.25,  2.09,3108.0,94.0,66.1276595745,16.0,"[1.0, 1.482]"
BB3_FIX:GREEN-2.0ZF+ZN,2,1.0,  2.05,4471.0,194.0,46.0927835052,16.0,"[1.0, 6.068, 1.88]"
BB3_FIX:GREEN-US2Y,1,0.5,  2.53,9235.0,427.0,43.2552693208,16.0,"[1.193, 1.0]"
BB3_FIX:GREEN-US2Y,1.5,0.75,  2.29,6704.0,320.0,41.9,16.0,"[1.193, 1.0]"
BB3_FIX:GREEN-US3Y-BLUE+US5Y,3,1.5,  2.29,2627.0,55.0,95.5272727273,16.0,"[3.224, 1.697, 3.677, 1.0]"
BB3_FIX:GREEN-US3Y-BLUE+US5Y,3.5,1.75,  2.20,1943.0,27.0,143.925925926,16.0,"[3.224, 1.697, 3.677, 1.0]"
BB3_FIX:GREEN-US3Y-BLUE+US5Y,4,2.0,  2.26,1744.0,16.0,218.0,16.0,"[3.224, 1.697, 3.677, 1.0]"
BB3_FIX:GREEN-US3Y,1.5,0.75,  2.00,4931.0,229.0,43.0655021834,16.0,"[1.9, 1.0]"
BB3_FIX:GREEN-US5Y,3.5,1.75,  2.53,2609.0,28.0,186.357142857,16.0,"[3.224, 1.0]"
BB3_FIX:GREEN-US5Y,4,2.0,  2.49,2474.0,18.0,274.888888889,16.0,"[3.224, 1.0]"
BB3_FIX:GREEN-ZB,2.5,1.25,  2.27,2765.0,126.0,43.8888888889,16.0,"[1.364, 1.0]"
BB3_FIX:GREEN-ZB,3,1.5,  2.43,2196.0,74.0,59.3513513514,16.0,"[1.364, 1.0]"
BB3_FIX:GREEN-ZF-GOLD+US10Y,2.5,1.25,  2.14,2697.0,104.0,51.8653846154,16.0,"[5.977, 18.135, 7.58, 1.0]"
BB3_FIX:GREEN-ZF-GOLD+US10Y,3,1.5,  2.25,2230.0,72.0,61.9444444444,16.0,"[5.977, 18.135, 7.58, 1.0]"
BB3_FIX:GREEN-ZF-GOLD+US10Y,3.5,1.75,  2.09,1544.0,38.0,81.2631578947,16.0,"[5.977, 18.135, 7.58, 1.0]"
BB3_FIX:GREEN-ZF-GOLD+ZB,2,1.0,  2.47,4328.0,207.0,41.8164251208,16.0,"[1.364, 4.138, 1.73, 1.0]"
BB3_FIX:GREEN-ZF-GOLD+ZN,3,1.5,  2.23,1769.0,56.0,63.1785714286,16.0,"[1.0, 3.034, 1.268, 1.88]"
BB3_FIX:GREEN-ZF-GOLD+ZN,3.5,1.75,  2.02,1267.0,32.0,79.1875,16.0,"[1.0, 3.034, 1.268, 1.88]"
BB3_FIX:GREEN-ZF-PURPLE+UB,1,0.5,  2.72,7851.0,295.0,53.2271186441,16.0,"[2.023, 6.137, 2.789, 1.0]"
BB3_FIX:GREEN-ZF-PURPLE+UB,1.5,0.75,  2.59,6393.0,235.0,54.4085106383,16.0,"[2.023, 6.137, 2.789, 1.0]"
BB3_FIX:GREEN-ZF-PURPLE+UB,2,1.0,  3.22,6502.0,185.0,70.2918918919,16.0,"[2.023, 6.137, 2.789, 1.0]"
BB3_FIX:GREEN-ZF-PURPLE+UB,2,1.5,  2.02,5077.0,127.0,79.9527559055,16.0,"[2.023, 6.137, 2.789, 1.0]"
BB3_FIX:GREEN-ZF-PURPLE+UB,2.5,1.25,  2.84,4305.0,126.0,68.3333333333,16.0,"[2.023, 6.137, 2.789, 1.0]"
BB3_FIX:GREEN-ZF-PURPLE+ZB,1,0.5,  3.57,10321.0,321.0,64.3052959502,16.0,"[1.364, 4.138, 1.881, 1.0]"
BB3_FIX:GREEN-ZF-PURPLE+ZB,1,0.75,  2.54,8244.0,201.0,82.0298507463,16.0,"[1.364, 4.138, 1.881, 1.0]"
BB3_FIX:GREEN-ZF-PURPLE+ZB,1,1,  2.13,7204.0,173.0,83.2832369942,16.0,"[1.364, 4.138, 1.881, 1.0]"
BB3_FIX:GREEN-ZF-PURPLE+ZB,1.5,0.75,  3.23,7697.0,239.0,64.410041841,16.0,"[1.364, 4.138, 1.881, 1.0]"
BB3_FIX:GREEN-ZF-PURPLE+ZB,1.5,1.125,  2.19,6337.0,147.0,86.2176870748,16.0,"[1.364, 4.138, 1.881, 1.0]"
BB3_FIX:GREEN-ZF-PURPLE+ZB,2,1.0,  3.32,6415.0,180.0,71.2777777778,16.0,"[1.364, 4.138, 1.881, 1.0]"
BB3_FIX:GREEN-ZF-PURPLE+ZB,2,1.5,  2.02,4912.0,114.0,86.1754385965,16.0,"[1.364, 4.138, 1.881, 1.0]"
BB3_FIX:GREEN-ZF-PURPLE+ZB,2.5,1.25,  2.83,4712.0,122.0,77.2459016393,16.0,"[1.364, 4.138, 1.881, 1.0]"
BB3_FIX:GREEN-ZF-PURPLE+ZB,2.5,1.875,  2.29,4693.0,98.0,95.7755102041,16.0,"[1.364, 4.138, 1.881, 1.0]"
BB3_FIX:GREEN-ZF-PURPLE+ZB,3,1.5,  2.53,2921.0,86.0,67.9302325581,16.0,"[1.364, 4.138, 1.881, 1.0]"
BB3_FIX:GREEN-ZF-PURPLE+ZB,3.5,1.75,  2.67,2520.0,58.0,86.8965517241,16.0,"[1.364, 4.138, 1.881, 1.0]"
BB3_FIX:GREEN-ZF-PURPLE+ZB,4,2.0,  2.48,2011.0,44.0,91.4090909091,16.0,"[1.364, 4.138, 1.881, 1.0]"
BB3_FIX:GREEN-ZF-PURPLE+ZN,1,0.5,  2.48,7301.0,238.0,61.3529411765,16.0,"[1.0, 3.034, 1.379, 1.88]"
BB3_FIX:GREEN-ZF-PURPLE+ZN,1.5,0.75,  3.31,8032.0,246.0,65.3008130081,16.0,"[1.0, 3.034, 1.379, 1.88]"
BB3_FIX:GREEN-ZF-PURPLE+ZN,2,1.0,  3.33,6302.0,176.0,71.6136363636,16.0,"[1.0, 3.034, 1.379, 1.88]"
BB3_FIX:GREEN-ZF-PURPLE+ZN,2,1.5,  2.34,5887.0,120.0,98.1166666667,16.0,"[1.0, 3.034, 1.379, 1.88]"
BB3_FIX:GREEN-ZF-PURPLE+ZN,2.5,1.25,  2.95,4418.0,110.0,80.3272727273,16.0,"[1.0, 3.034, 1.379, 1.88]"
BB3_FIX:GREEN-ZF-PURPLE+ZN,2.5,1.875,  2.59,5148.0,100.0,102.96,16.0,"[1.0, 3.034, 1.379, 1.88]"
BB3_FIX:GREEN-ZF-PURPLE+ZN,3,1.5,  2.77,3790.0,82.0,92.4390243902,16.0,"[1.0, 3.034, 1.379, 1.88]"
BB3_FIX:GREEN-ZF-PURPLE+ZN,3,2.25,  2.33,4121.0,76.0,108.447368421,16.0,"[1.0, 3.034, 1.379, 1.88]"
BB3_FIX:GREEN-ZF-PURPLE+ZN,3.5,1.75,  2.75,3459.0,60.0,115.3,16.0,"[1.0, 3.034, 1.379, 1.88]"
BB3_FIX:GREEN-ZF-PURPLE+ZN,3.5,2.625,  2.57,3738.0,60.0,124.6,16.0,"[1.0, 3.034, 1.379, 1.88]"
BB3_FIX:GREEN-ZF-PURPLE+ZN,4,2.0,  2.57,3044.0,48.0,126.833333333,16.0,"[1.0, 3.034, 1.379, 1.88]"
BB3_FIX:GREEN-ZF-PURPLE+ZN,4,3.0,  2.33,3065.0,48.0,127.708333333,16.0,"[1.0, 3.034, 1.379, 1.88]"
BB3_FIX:GREEN-ZF,3.5,1.75,  2.12,1722.0,18.0,191.333333333,20.0,"[1.0, 3.034]"
BB3_FIX:GREEN-ZN-GOLD+ZB,1,0.5,  2.19,7650.0,315.0,48.5714285714,16.0,"[1.364, 2.564, 1.73, 1.0]"
BB3_FIX:GREEN-ZN-GOLD+ZB,1.5,0.75,  2.35,6280.0,287.0,43.7630662021,16.0,"[1.364, 2.564, 1.73, 1.0]"
BB3_FIX:GREEN-ZN-GOLD+ZB,2,1.0,  2.80,5224.0,233.0,44.8412017167,16.0,"[1.364, 2.564, 1.73, 1.0]"
BB3_FIX:GREEN-ZN-GOLD+ZB,2.5,1.25,  2.32,2843.0,122.0,46.606557377,16.0,"[1.364, 2.564, 1.73, 1.0]"
BB3_FIX:GREEN-ZN-PURPLE+UB,1,0.5,  2.47,7159.0,263.0,54.4410646388,16.0,"[2.023, 3.802, 2.789, 1.0]"
BB3_FIX:GREEN-ZN-PURPLE+UB,1.5,0.75,  2.83,6899.0,237.0,58.2194092827,16.0,"[2.023, 3.802, 2.789, 1.0]"
BB3_FIX:GREEN-ZN-PURPLE+UB,2,1.0,  2.67,5539.0,170.0,65.1647058824,16.0,"[2.023, 3.802, 2.789, 1.0]"
BB3_FIX:GREEN-ZN-PURPLE+UB,3.5,1.75,  2.34,2854.0,56.0,101.928571429,16.0,"[2.023, 3.802, 2.789, 1.0]"
BB3_FIX:GREEN-ZN-PURPLE+ZB,1,0.5,  3.04,9006.0,301.0,59.8405315615,16.0,"[1.364, 2.564, 1.881, 1.0]"
BB3_FIX:GREEN-ZN-PURPLE+ZB,1,0.75,  2.10,6967.0,181.0,76.9834254144,16.0,"[1.364, 2.564, 1.881, 1.0]"
BB3_FIX:GREEN-ZN-PURPLE+ZB,1.5,0.75,  2.81,6743.0,225.0,59.9377777778,16.0,"[1.364, 2.564, 1.881, 1.0]"
BB3_FIX:GREEN-ZN-PURPLE+ZB,1.5,1.125,  2.17,6442.0,149.0,86.4697986577,16.0,"[1.364, 2.564, 1.881, 1.0]"
BB3_FIX:GREEN-ZN-PURPLE+ZB,2,1.0,  2.79,5425.0,154.0,70.4545454545,16.0,"[1.364, 2.564, 1.881, 1.0]"
BB3_FIX:GREEN-ZN-PURPLE+ZB,2,1.5,  2.29,5466.0,126.0,86.7619047619,16.0,"[1.364, 2.564, 1.881, 1.0]"
BB3_FIX:GREEN-ZN-PURPLE+ZB,2.5,1.25,  3.16,5095.0,122.0,83.5245901639,16.0,"[1.364, 2.564, 1.881, 1.0]"
BB3_FIX:GREEN-ZN-PURPLE+ZB,2.5,1.875,  2.01,4106.0,98.0,83.7959183673,16.0,"[1.364, 2.564, 1.881, 1.0]"
BB3_FIX:GREEN-ZN-PURPLE+ZB,3,1.5,  2.71,3714.0,80.0,92.85,16.0,"[1.364, 2.564, 1.881, 1.0]"
BB3_FIX:GREEN-ZN-PURPLE+ZB,3,2.25,  2.05,3411.0,70.0,97.4571428571,16.0,"[1.364, 2.564, 1.881, 1.0]"
BB3_FIX:GREEN-ZN-PURPLE+ZB,3.5,1.75,  2.66,3189.0,52.0,122.653846154,16.0,"[1.364, 2.564, 1.881, 1.0]"
BB3_FIX:GREEN-ZN-PURPLE+ZB,3.5,2.625,  2.21,3155.0,50.0,126.2,16.0,"[1.364, 2.564, 1.881, 1.0]"
BB3_FIX:GREEN-ZN,2.5,1.25,  2.39,2784.0,82.0,67.9024390244,16.0,"[1.0, 1.88]"
BB3_FIX:GREEN-ZN,3,1.5,  2.18,2180.0,50.0,87.2,16.0,"[1.0, 1.88]"
BB3_FIX:GREEN-ZN,3.5,1.75,  2.31,2002.0,30.0,133.466666667,16.0,"[1.0, 1.88]"
BB3_FIX:GREEN-ZT,1,0.5,  2.09,7687.0,355.0,43.3070422535,16.0,"[1.0, 3.724]"
BB3_FIX:GREEN-ZT,1.5,0.75,  2.69,7709.0,327.0,47.1498470948,16.0,"[1.0, 3.724]"
BB3_FIX:GREEN-ZT,2,1.0,  2.39,5396.0,212.0,50.9056603774,16.0,"[1.0, 3.724]"
BB3_FIX:GREEN-ZT,2.5,1.25,  2.10,3435.0,118.0,58.2203389831,16.0,"[1.0, 3.724]"
BB3_FIX:L10-G,1,0.5,  2.69,17345.0,215.0,161.348837209,38.0,You don't have L10 in the database
BB3_FIX:L10-G,1.5,0.75,  3.63,18727.0,232.0,161.439655172,38.0,You don't have L10 in the database
BB3_FIX:L10-G,2,1.0,  3.31,12852.0,160.0,160.65,38.0,You don't have L10 in the database
BB3_FIX:L10-G,2.5,1.25,  2.58,6617.0,92.0,143.847826087,38.0,You don't have L10 in the database
BB3_FIX:L11-G,1,0.5,  2.68,16801.0,227.0,148.026431718,36.0,You don't have L11 in the database
BB3_FIX:L11-G,1.5,0.75,  3.59,18009.0,238.0,151.336134454,36.0,You don't have L11 in the database
BB3_FIX:L11-G,2,1.0,  3.48,13449.0,166.0,162.036144578,36.0,You don't have L11 in the database
BB3_FIX:L11-G,2,1.5,  2.29,12387.0,115.0,215.426086957,36.0,You don't have L11 in the database
BB3_FIX:L11-G,2.5,1.25,  2.20,5984.0,90.0,132.977777778,36.0,You don't have L11 in the database
BB3_FIX:L11-G,3,1.5,  2.07,4737.0,56.0,169.178571429,36.0,You don't have L11 in the database
BB3_FIX:L11-GBL,2,1.0,  2.04,4368.0,131.0,66.6870229008,36.0,You don't have L11 in the database
BB3_FIX:L12-G,1,0.5,  2.95,18568.0,249.0,149.140562249,36.0,You don't have L12 in the database
BB3_FIX:L12-G,1.5,0.75,  3.60,18152.0,243.0,149.399176955,36.0,You don't have L12 in the database
BB3_FIX:L12-G,2,1.0,  2.61,9309.0,149.0,124.953020134,36.0,You don't have L12 in the database
BB3_FIX:L12-G,2.5,1.25,  2.74,7234.0,92.0,157.260869565,36.0,You don't have L12 in the database
BB3_FIX:L12-G,3,1.5,  2.41,4857.0,54.0,179.888888889,36.0,You don't have L12 in the database
BB3_FIX:L14-GBL,2,1.0,  2.13,4528.0,133.0,68.0902255639,36.0,You don't have L14 in the database
BB3_FIX:L14-GBL,3,1.5,  2.07,2165.0,42.0,103.095238095,36.0,You don't have L14 in the database
BB3_FIX:L15-GBL,2,1.0,  2.12,4410.0,137.0,64.3795620438,32.0,You don't have L15 in the database
BB3_FIX:L16-GBL,1.5,0.75,  2.24,6415.0,197.0,65.1269035533,32.0,You don't have L16 in the database
BB3_FIX:L16-GBL,2,1.0,  2.09,4572.0,129.0,70.8837209302,32.0,You don't have L16 in the database
BB3_FIX:L16-GBL,2.5,1.25,  2.07,3011.0,74.0,81.3783783784,32.0,You don't have L16 in the database
BB3_FIX:L16-GBL,3,1.5,  2.03,2045.0,38.0,107.631578947,32.0,You don't have L16 in the database
BB3_FIX:L3-G,1,0.5,  2.85,21014.0,173.0,242.936416185,60.0,You don't have L3 in the database
BB3_FIX:L3-G,1,0.75,  2.35,17914.0,145.0,247.089655172,60.0,You don't have L3 in the database
BB3_FIX:L3-G,1,1,  2.35,17914.0,145.0,247.089655172,60.0,You don't have L3 in the database
BB3_FIX:L3-G,1.5,0.75,  2.55,14693.0,142.0,206.943661972,60.0,You don't have L3 in the database
BB3_FIX:L3-G,2,1.0,  2.91,11695.0,118.0,198.220338983,60.0,You don't have L3 in the database
BB3_FIX:L3-G,2.5,1.25,  2.85,7908.0,70.0,225.942857143,60.0,You don't have L3 in the database
BB3_FIX:L3-G,3,1.5,  2.52,5261.0,42.0,250.523809524,60.0,You don't have L3 in the database
BB3_FIX:L3-G,3,2.25,  2.16,6371.0,42.0,303.380952381,60.0,You don't have L3 in the database
BB3_FIX:L4-G,1,0.5,  2.44,17289.0,151.0,228.993377483,60.0,You don't have L4 in the database
BB3_FIX:L4-G,1.5,0.75,  2.43,14057.0,139.0,202.258992806,60.0,You don't have L4 in the database
BB3_FIX:L4-G,2,1.0,  2.23,8117.0,98.0,165.653061224,60.0,You don't have L4 in the database
BB3_FIX:L4-G,2.5,1.25,  2.03,5232.0,58.0,180.413793103,60.0,You don't have L4 in the database
BB3_FIX:L4-G,3,1.5,  2.03,4189.0,38.0,220.473684211,60.0,You don't have L4 in the database
BB3_FIX:L5-G,1,0.5,  2.43,17052.0,151.0,225.854304636,60.0,You don't have L5 in the database
BB3_FIX:L5-G,1.5,0.75,  2.08,12103.0,118.0,205.13559322,60.0,You don't have L5 in the database
BB3_FIX:L5-G,2,1.0,  2.18,8259.0,106.0,155.830188679,60.0,You don't have L5 in the database
BB3_FIX:L5-G,2.5,1.25,  2.19,5712.0,64.0,178.5,60.0,You don't have L5 in the database
BB3_FIX:L6-G,1,0.5,  2.27,16022.0,145.0,220.993103448,60.0,You don't have L6 in the database
BB3_FIX:L6-G,1,0.75,  2.07,15094.0,135.0,223.614814815,60.0,You don't have L6 in the database
BB3_FIX:L6-G,1,1,  2.01,14777.0,133.0,222.210526316,60.0,You don't have L6 in the database
BB3_FIX:L6-G,1.5,0.75,  2.28,13913.0,134.0,207.656716418,60.0,You don't have L6 in the database
BB3_FIX:L6-G,2.5,1.25,  2.18,5912.0,62.0,190.709677419,60.0,You don't have L6 in the database
BB3_FIX:L7-G,1,0.5,  2.10,14863.0,139.0,213.856115108,60.0,You don't have L7 in the database
BB3_FIX:L7-G,1.5,0.75,  2.19,12722.0,125.0,203.552,60.0,You don't have L7 in the database
BB3_FIX:L7-G,2,1.0,  2.26,8834.0,92.0,192.043478261,60.0,You don't have L7 in the database
BB3_FIX:L8-G,2,1.0,  2.15,9272.0,98.0,189.224489796,60.0,You don't have L8 in the database
BB3_FIX:L9-G,2,1.0,  2.22,9167.0,102.0,179.745098039,60.0,You don't have L9 in the database
BB3_FIX:LGREEN-R,1.5,0.75,  2.08,3090.0,166.0,37.2289156627,20.0,You don't have LGREEN in the database
BB3_FIX:LGREEN-R,2.5,1.25,  2.30,1584.0,62.0,51.0967741935,20.0,You don't have LGREEN in the database
BB3_FIX:LGREEN-R,3,1.5,  2.00,843.0,24.0,70.25,20.0,You don't have LGREEN in the database
BB3_FIX:LGREEN-R,3.5,1.75,  2.05,634.0,16.0,79.25,20.0,You don't have LGREEN in the database
BB3_FIX:RED-2.0ZT+ZF,1.5,0.75,  2.60,13822.0,321.0,86.1183800623,31.0,"[1.0, 7.327, 2.985]"
BB3_FIX:RED-2.0ZT+ZF,2,1.0,  2.35,9430.0,208.0,90.6730769231,31.0,"[1.0, 7.327, 2.985]"
BB3_FIX:RED-US3Y-BLUE+US5Y,2.5,1.25,  2.01,3711.0,75.0,98.96,31.0,"[3.277, 1.697, 3.677, 1.0]"
BB3_FIX:RED-US3Y-BLUE+US5Y,3,1.5,  2.06,2343.0,33.0,142.0,31.0,"[3.277, 1.697, 3.677, 1.0]"
BB3_FIX:RED-ZF-GOLD+US10Y,2.5,1.25,  2.25,2964.0,76.0,78.0,31.0,"[6.076, 18.135, 7.58, 1.0]"
BB3_FIX:RED-ZF-GOLD+US10Y,3.5,1.75,  2.04,1115.0,20.0,111.5,31.0,"[6.076, 18.135, 7.58, 1.0]"
BB3_FIX:RED-ZF-PURPLE+ZB,1,0.5,  2.60,9216.0,153.0,120.470588235,31.0,"[1.386, 4.138, 1.881, 1.0]"
BB3_FIX:RED-ZF-PURPLE+ZB,1,0.75,  2.30,8639.0,125.0,138.224,31.0,"[1.386, 4.138, 1.881, 1.0]"
BB3_FIX:RED-ZF-PURPLE+ZB,1,1,  2.20,8376.0,121.0,138.446280992,31.0,"[1.386, 4.138, 1.881, 1.0]"
BB3_FIX:RED-ZF-PURPLE+ZB,1.5,0.75,  2.90,9053.0,141.0,128.411347518,31.0,"[1.386, 4.138, 1.881, 1.0]"
BB3_FIX:RED-ZF-PURPLE+ZB,1.5,1.125,  2.26,8075.0,101.0,159.900990099,31.0,"[1.386, 4.138, 1.881, 1.0]"
BB3_FIX:RED-ZF-PURPLE+ZB,2,1.0,  2.99,6852.0,117.0,117.128205128,31.0,"[1.386, 4.138, 1.881, 1.0]"
BB3_FIX:RED-ZF-PURPLE+ZB,2.5,1.25,  2.98,5846.0,86.0,135.953488372,31.0,"[1.386, 4.138, 1.881, 1.0]"
BB3_FIX:RED-ZF-PURPLE+ZB,2.5,1.875,  2.03,5403.0,62.0,174.290322581,31.0,"[1.386, 4.138, 1.881, 1.0]"
BB3_FIX:RED-ZF-PURPLE+ZB,3,1.5,  2.72,4741.0,60.0,158.033333333,31.0,"[1.386, 4.138, 1.881, 1.0]"
BB3_FIX:RED-ZF-PURPLE+ZB,3,2.25,  2.29,4739.0,50.0,189.56,31.0,"[1.386, 4.138, 1.881, 1.0]"
BB3_FIX:RED-ZF-PURPLE+ZB,3.5,1.75,  2.25,3684.0,48.0,153.5,31.0,"[1.386, 4.138, 1.881, 1.0]"
BB3_FIX:RED-ZF-PURPLE+ZB,4,2.0,  2.14,2711.0,34.0,159.470588235,31.0,"[1.386, 4.138, 1.881, 1.0]"
BB3_FIX:RED-ZF,3,1.5,  2.03,2721.0,38.0,143.210526316,31.0,"[1.0, 2.985]"
BB3_FIX:RED-ZF,3.5,1.75,  2.00,2506.0,22.0,227.818181818,31.0,"[1.0, 2.985]"
BB3_FIX:RED-ZT-GE9+ZF,2.5,1.25,  2.12,3914.0,60.0,130.466666667,31.0,"[1.0, 3.664, 3.791, 2.985]"
BB3_FIX:RED-ZT-PURPLE+UB,1.5,0.75,  2.43,7925.0,157.0,100.955414013,31.0,"[2.056, 7.532, 2.789, 1.0]"
BB3_FIX:RED-ZT-PURPLE+UB,2,1.0,  2.77,7323.0,135.0,108.488888889,31.0,"[2.056, 7.532, 2.789, 1.0]"
BB3_FIX:RED-ZT-PURPLE+UB,2.5,1.25,  3.03,6713.0,94.0,142.829787234,31.0,"[2.056, 7.532, 2.789, 1.0]"
BB3_FIX:RED-ZT-PURPLE+UB,3,1.5,  2.16,4253.0,62.0,137.193548387,31.0,"[2.056, 7.532, 2.789, 1.0]"
BB3_FIX:RED-ZT-PURPLE+ZB,1.5,0.75,  2.19,7505.0,155.0,96.8387096774,31.0,"[1.386, 5.079, 1.881, 1.0]"
BB3_FIX:RED-ZT-PURPLE+ZB,2,1.0,  2.62,6897.0,120.0,114.95,31.0,"[1.386, 5.079, 1.881, 1.0]"
BB3_FIX:RED-ZT-PURPLE+ZB,2.5,1.25,  2.86,6275.0,92.0,136.413043478,31.0,"[1.386, 5.079, 1.881, 1.0]"
BB3_FIX:RED-ZT-PURPLE+ZB,2.5,1.875,  2.11,6277.0,68.0,184.617647059,31.0,"[1.386, 5.079, 1.881, 1.0]"
BB3_FIX:RED-ZT-PURPLE+ZB,3,1.5,  2.53,4814.0,66.0,145.878787879,31.0,"[1.386, 5.079, 1.881, 1.0]"
BB3_FIX:RED-ZT-PURPLE+ZB,3.5,1.75,  2.43,4173.0,46.0,181.434782609,31.0,"[1.386, 5.079, 1.881, 1.0]"
BB3_FIX:RED-ZT-PURPLE+ZB,4,2.0,  2.24,3592.0,30.0,239.466666667,31.0,"[1.386, 5.079, 1.881, 1.0]"
BB3_FIX:RED-ZT-PURPLE+ZN,2,1.0,  2.73,7379.0,118.0,125.06779661,31.0,"[1.0, 3.664, 1.356, 1.849]"
BB3_FIX:RED-ZT-PURPLE+ZN,2.5,1.25,  3.05,6569.0,92.0,142.804347826,31.0,"[1.0, 3.664, 1.356, 1.849]"
BB3_FIX:RED-ZT-PURPLE+ZN,3,1.5,  3.10,5738.0,66.0,173.878787879,31.0,"[1.0, 3.664, 1.356, 1.849]"
BB3_FIX:RED-ZT-PURPLE+ZN,3.5,1.75,  2.75,4650.0,46.0,202.173913043,31.0,"[1.0, 3.664, 1.356, 1.849]"
BB3_FIX:RED-ZT-PURPLE+ZN,3.5,2.625,  2.19,4684.0,44.0,212.909090909,31.0,"[1.0, 3.664, 1.356, 1.849]"
BB3_FIX:RED-ZT-PURPLE+ZN,4,2.0,  2.56,4072.0,34.0,239.529411765,31.0,"[1.0, 3.664, 1.356, 1.849]"
BB3_FIX:RED-ZT-PURPLE+ZN,4,3.0,  2.08,3926.0,32.0,245.375,31.0,"[1.0, 3.664, 1.356, 1.849]"
BB3_FIX:RED-ZT,2.5,1.25,  2.17,3977.0,62.0,128.290322581,31.0,"[1.0, 3.664]"
BB3_FIX:RED-ZT,3,1.5,  2.08,3051.0,38.0,160.578947368,31.0,"[1.0, 3.664]"
BB3_FIX:U10-2.3GBL+1.3GBX,1.5,0.75,  2.52,8375.0,221.0,75.7918552036,33.0,You don't have U10 in the database
BB3_FIX:U10-2.3GBL+1.3GBX,2,1.0,  3.26,7527.0,176.0,85.5340909091,33.0,You don't have U10 in the database
BB3_FIX:U10-GBL-L10+R,1.5,0.75,  2.73,10321.0,248.0,83.2338709677,33.0,You don't have U10 in the database
BB3_FIX:U10-GBL-L10+R,2,1.0,  2.45,6198.0,150.0,82.64,33.0,You don't have U10 in the database
BB3_FIX:U10-GBM-U14+GBL,2.5,1.25,  2.41,3501.0,74.0,94.6216216216,33.0,You don't have U10 in the database
BB3_FIX:U10-GBS,2,1.0,  2.32,6526.0,162.0,80.5679012346,33.0,You don't have U10 in the database
BB3_FIX:U11-2.0GBS+GBM,1.5,0.75,  2.47,13304.0,259.0,102.733590734,43.0,You don't have U11 in the database
BB3_FIX:U11-2.0GBS+GBM,2,1.0,  2.79,10917.0,186.0,117.387096774,43.0,You don't have U11 in the database
BB3_FIX:U11-2.3GBL+1.3GX,1.5,0.75,  2.00,6698.0,201.0,66.6467661692,33.0,You don't have U11 in the database
BB3_FIX:U11-2.3GBL+1.3GX,2,1.0,  2.49,5627.0,154.0,73.0779220779,33.0,You don't have U11 in the database
BB3_FIX:U11-2.3GBL+1.3GX,2.5,1.25,  2.08,3217.0,80.0,80.425,33.0,You don't have U11 in the database
BB3_FIX:U11-2.3GBL+1.3GX,4,2.0,  2.25,654.0,10.0,130.8,33.0,You don't have U11 in the database
BB3_FIX:U11-2.3GBL+1.3GX,4,3.0,  2.34,942.0,10.0,188.4,33.0,You don't have U11 in the database
BB3_FIX:U11-GBL-L11+R,1,0.5,  2.06,10269.0,233.0,88.1459227468,33.0,You don't have U11 in the database
BB3_FIX:U11-GBL-L11+R,1.5,0.75,  2.09,7948.0,217.0,73.2534562212,33.0,You don't have U11 in the database
BB3_FIX:U11-GBL-L11+R,2,1.0,  2.11,5397.0,142.0,76.014084507,33.0,You don't have U11 in the database
BB3_FIX:U11-GBS,2,1.0,  2.04,5416.0,146.0,74.1917808219,33.0,You don't have U11 in the database
BB3_FIX:U12-2.0GBM+GBL,2,1.0,  2.40,6717.0,166.0,80.9277108434,33.0,You don't have U12 in the database
BB3_FIX:U12-2.0GBM+GBL,2.5,1.25,  2.15,3774.0,82.0,92.0487804878,33.0,You don't have U12 in the database
BB3_FIX:U12-GBL-L12+R,1.5,0.75,  2.19,8052.0,207.0,77.7971014493,33.0,You don't have U12 in the database
BB3_FIX:U12-GBL-L12+R,2,1.0,  2.50,5961.0,150.0,79.48,33.0,You don't have U12 in the database
BB3_FIX:U12-GBS,2,1.0,  2.06,5313.0,148.0,71.7972972973,33.0,You don't have U12 in the database
BB3_FIX:U13-2.0GBL+GBX,1.5,0.75,  2.03,6358.0,177.0,71.8418079096,33.0,You don't have U13 in the database
BB3_FIX:U13-2.0GBL+GBX,2,1.0,  2.30,4462.0,126.0,70.8253968254,33.0,You don't have U13 in the database
BB3_FIX:U13-GBL-L11+R,1.5,0.75,  2.27,8697.0,221.0,78.7058823529,33.0,You don't have U13 in the database
BB3_FIX:U13-GBL-L11+R,2,1.0,  2.37,5737.0,144.0,79.6805555556,33.0,You don't have U13 in the database
BB3_FIX:U13-GBL-L12+R,2,1.0,  2.22,5444.0,136.0,80.0588235294,33.0,You don't have U13 in the database
BB3_FIX:U13-GBL-L13+R,1.5,0.75,  2.33,8821.0,213.0,82.8262910798,33.0,You don't have U13 in the database
BB3_FIX:U13-GBL-L13+R,2,1.0,  2.10,4752.0,122.0,77.9016393443,33.0,You don't have U13 in the database
BB3_FIX:U14-2.0GBL+GBX,1.5,0.75,  2.08,6188.0,167.0,74.1077844311,33.0,You don't have U14 in the database
BB3_FIX:U14-2.0GBL+GBX,2,1.0,  2.12,4165.0,122.0,68.2786885246,33.0,You don't have U14 in the database
BB3_FIX:U14-2.0GBL+GBX,2.5,1.25,  2.13,2725.0,72.0,75.6944444444,33.0,You don't have U14 in the database
BB3_FIX:U14-GBL-L14+R,1.5,0.75,  2.23,8163.0,209.0,78.1148325359,33.0,You don't have U14 in the database
BB3_FIX:U14-GBL-L14+R,2,1.0,  2.34,5555.0,146.0,76.095890411,33.0,You don't have U14 in the database
BB3_FIX:U15-2.0GBL+GBX,1.5,0.75,  2.22,6452.0,181.0,71.2928176796,31.0,You don't have U15 in the database
BB3_FIX:U15-GBL-L11+R,1.5,0.75,  2.48,9019.0,235.0,76.7574468085,31.0,You don't have U15 in the database
BB3_FIX:U15-GBL-L11+R,2,1.0,  2.74,6641.0,164.0,80.987804878,31.0,You don't have U15 in the database
BB3_FIX:U15-GBL-L12+R,1.5,0.75,  2.44,8972.0,225.0,79.7511111111,31.0,You don't have U15 in the database
BB3_FIX:U15-GBL-L12+R,2,1.0,  3.40,8041.0,180.0,89.3444444444,31.0,You don't have U15 in the database
BB3_FIX:U15-GBL-L13+R,1.5,0.75,  2.32,8483.0,213.0,79.6525821596,31.0,You don't have U15 in the database
BB3_FIX:U15-GBL-L13+R,2,1.0,  2.43,5788.0,154.0,75.1688311688,31.0,You don't have U15 in the database
BB3_FIX:U15-GBL-L14+R,1.5,0.75,  2.24,8159.0,213.0,76.6103286385,31.0,You don't have U15 in the database
BB3_FIX:U15-GBL-L14+R,2,1.0,  2.82,6534.0,152.0,85.9736842105,31.0,You don't have U15 in the database
BB3_FIX:U15-GBL-L15+R,1.5,0.75,  2.19,7936.0,209.0,75.9425837321,31.0,You don't have U15 in the database
BB3_FIX:U15-GBL-L15+R,2,1.0,  2.32,5269.0,146.0,72.1780821918,31.0,You don't have U15 in the database
BB3_FIX:U15-GBM,2.5,1.25,  2.02,2062.0,52.0,79.3076923077,31.0,You don't have U15 in the database
BB3_FIX:U16-2.0GBL+GBX,1.5,0.75,  2.40,7396.0,195.0,75.8564102564,31.0,You don't have U16 in the database
BB3_FIX:U16-2.0GBL+GBX,2.5,1.25,  2.09,2486.0,62.0,80.1935483871,31.0,You don't have U16 in the database
BB3_FIX:U16-GBL-L11+R,1,0.5,  2.07,9937.0,227.0,87.550660793,31.0,You don't have U16 in the database
BB3_FIX:U16-GBL-L11+R,1.5,0.75,  2.78,10046.0,251.0,80.0478087649,31.0,You don't have U16 in the database
BB3_FIX:U16-GBL-L11+R,2,1.0,  2.82,6763.0,158.0,85.6075949367,31.0,You don't have U16 in the database
BB3_FIX:U16-GBL-L12+R,1,0.5,  2.09,9880.0,227.0,87.0484581498,31.0,You don't have U16 in the database
BB3_FIX:U16-GBL-L12+R,1.5,0.75,  2.59,9233.0,235.0,78.5787234043,31.0,You don't have U16 in the database
BB3_FIX:U16-GBL-L12+R,2,1.0,  2.80,6457.0,156.0,82.7820512821,31.0,You don't have U16 in the database
BB3_FIX:U16-GBL-L12+R,2.5,1.25,  2.06,3050.0,72.0,84.7222222222,31.0,You don't have U16 in the database
BB3_FIX:U16-GBL-L16+R,1.5,0.75,  2.10,7765.0,201.0,77.263681592,31.0,You don't have U16 in the database
BB3_FIX:U16-GBL-L16+R,2,1.0,  2.64,6258.0,148.0,84.5675675676,31.0,You don't have U16 in the database
BB3_FIX:U16-GBM,2.5,1.25,  2.12,2124.0,52.0,81.6923076923,31.0,You don't have U16 in the database
BB3_FIX:U6-2.0GBM+GBL,2.5,1.25,  2.22,4547.0,58.0,156.793103448,60.0,You don't have U6 in the database
BB3_FIX:U6-2.3GBM+1.3GBL,2.5,1.25,  2.30,4931.0,64.0,154.09375,60.0,You don't have U6 in the database
BB3_FIX:U6-GBM-GBL+GBX,2.5,1.25,  2.01,4308.0,66.0,130.545454545,60.0,You don't have U6 in the database
BB3_FIX:U6-GBS-U12+GBL,2,1.0,  2.23,7806.0,107.0,145.906542056,60.0,You don't have U6 in the database
BB3_FIX:U6-GBS-U12+GBL,2.5,1.25,  2.41,4330.0,50.0,173.2,60.0,You don't have U6 in the database
BB3_FIX:U6-GBS-U12+GBM,2.5,1.25,  2.28,4633.0,52.0,178.192307692,60.0,You don't have U6 in the database
BB3_FIX:U6-GBS,2,1.0,  2.14,6697.0,106.0,126.358490566,60.0,You don't have U6 in the database
BB3_FIX:U7-2.0GBS+GBM,2,1.0,  2.12,9275.0,158.0,117.405063291,55.0,You don't have U7 in the database
BB3_FIX:U7-2.3GBM+1.3GBL,2.5,1.25,  2.19,4106.0,62.0,132.451612903,55.0,You don't have U7 in the database
BB3_FIX:U7-2.3GBM+1.3GBL,3,1.5,  2.45,3157.0,40.0,157.85,55.0,You don't have U7 in the database
BB3_FIX:U9-2.0GBL+GBX,4,3.0,  2.14,290.0,2.0,290.0,50.0,You don't have U9 in the database
BB3_FIX:UBLUE-GBL,1,0.5,  2.64,6780.0,383.0,35.4046997389,13.0,You don't have UBLUE in the database
BB3_FIX:UBLUE-GBL,1.5,0.75,  2.63,5651.0,307.0,36.8143322476,13.0,You don't have UBLUE in the database
BB3_FIX:UBLUE-GBL,2,1.0,  2.53,4656.0,215.0,43.311627907,13.0,You don't have UBLUE in the database
BB3_FIX:UBLUE-GBL,2.5,1.25,  2.17,3352.0,120.0,55.8666666667,13.0,You don't have UBLUE in the database
BB3_FIX:UBLUE-GBM,1,0.5,  2.29,6421.0,357.0,35.9719887955,13.0,You don't have UBLUE in the database
BB3_FIX:UBLUE-GBM,1.5,0.75,  2.58,5989.0,309.0,38.7637540453,13.0,You don't have UBLUE in the database
BB3_FIX:UBLUE-GBM,2,1.0,  2.40,4622.0,216.0,42.7962962963,13.0,You don't have UBLUE in the database
BB3_FIX:UBLUE-GBM,2.5,1.25,  2.46,3863.0,124.0,62.3064516129,13.0,You don't have UBLUE in the database
BB3_FIX:UBLUE-GBM,3,1.5,  2.37,2863.0,56.0,102.25,13.0,You don't have UBLUE in the database
BB3_FIX:UGREEN-GBM-UBLUE+GBL,2,1.0,  2.05,5227.0,121.0,86.3966942149,25.0,You don't have UGREEN in the database
BB3_FIX:UGREEN-GBM-UBLUE+GBL,2.5,1.25,  2.40,4154.0,90.0,92.3111111111,25.0,You don't have UGREEN in the database
BB3_FIX:URED-GBS-UGREEN+GBM,2,1.0,  2.43,7727.0,124.0,124.629032258,35.0,You don't have URED in the database
BB3_FIX:URED-GBS-UGREEN+GBM,2.5,1.25,  2.73,6045.0,82.0,147.43902439,35.0,You don't have URED in the database
BB3_FIX:URED-GBS-UGREEN+GBM,3,1.5,  2.08,3629.0,38.0,191.0,35.0,You don't have URED in the database
BB3_FIX:URED-GBS,2.5,1.25,  2.18,3565.0,84.0,84.880952381,35.0,You don't have URED in the database
BB3_FIX:URED-UGREEN,2.5,1.25,  2.07,3365.0,58.0,116.034482759,35.0,You don't have URED in the database
BB3_FIX:US10Y-TN,4,2.0,  2.20,1073.0,14.0,153.285714286,13.0,"[1.0, 7.865]"
BB3_FIX:US10Y-US30Y,2.5,1.25,  2.06,2420.0,116.0,41.724137931,13.0,"[2.405, 1.0]"
BB3_FIX:US2Y-US3Y,4,2.0,  2.24,1067.0,9.0,237.111111111,41.0,"[1.593, 1.0]"
BB3_FIX:US2Y-US5Y,3,1.5,  2.21,2683.0,34.0,157.823529412,41.0,"[2.703, 1.0]"
BB3_FIX:US2Y-US5Y,3.5,1.75,  2.33,2002.0,12.0,333.666666667,41.0,"[2.703, 1.0]"
BB3_FIX:US2Y-US5Y,4,2.0,  2.17,1770.0,8.0,442.5,41.0,"[2.703, 1.0]"
BB3_FIX:US30Y-UB,2,1.0,  2.04,3088.0,88.0,70.1818181818,8.0,"[1.0, 7.108]"
BB3_FIX:US30Y-UB,3.5,1.75,  2.04,1640.0,40.0,82.0,8.0,"[1.0, 7.108]"
BB3_FIX:US30Y-UB,4,2.0,  2.01,1538.0,32.0,96.125,8.0,"[1.0, 7.108]"
BB3_FIX:US3Y-US5Y,2.5,1.25,  2.27,3963.0,72.0,110.083333333,22.0,"[1.697, 1.0]"
BB3_FIX:US3Y-US5Y,3,1.5,  2.20,3099.0,38.0,163.105263158,22.0,"[1.697, 1.0]"
BB3_FIX:US3Y-US7Y,2,1.0,  2.38,5983.0,139.0,86.0863309353,22.0,"[2.373, 1.0]"
BB3_FIX:US7Y-TN,4,2.0,  2.07,948.0,22.0,86.1818181818,18.0,"[1.0, 5.932]"
BB3_FIX:ZF-ZN-GBM+GBL,1,0.5,  2.07,5375.0,332.0,32.3795180723,13.0,"[2.381, 1.475, 2.403, 1.0]"
BB3_FIX:ZF-ZN-GBM+GBL,1.5,0.75,  2.41,4752.0,300.0,31.68,13.0,"[2.381, 1.475, 2.403, 1.0]"
